-- MySQL dump 10.13  Distrib 5.6.51, for Linux (x86_64)
--
-- Host: localhost    Database: eschool
-- ------------------------------------------------------
-- Server version	5.6.51

/*!40101 SET @OLD_CHARACTER_SET_CLIENT=@@CHARACTER_SET_CLIENT */;
/*!40101 SET @OLD_CHARACTER_SET_RESULTS=@@CHARACTER_SET_RESULTS */;
/*!40101 SET @OLD_COLLATION_CONNECTION=@@COLLATION_CONNECTION */;
/*!40101 SET NAMES utf8 */;
/*!40103 SET @OLD_TIME_ZONE=@@TIME_ZONE */;
/*!40103 SET TIME_ZONE='+00:00' */;
/*!40014 SET @OLD_UNIQUE_CHECKS=@@UNIQUE_CHECKS, UNIQUE_CHECKS=0 */;
/*!40014 SET @OLD_FOREIGN_KEY_CHECKS=@@FOREIGN_KEY_CHECKS, FOREIGN_KEY_CHECKS=0 */;
/*!40101 SET @OLD_SQL_MODE=@@SQL_MODE, SQL_MODE='NO_AUTO_VALUE_ON_ZERO' */;
/*!40111 SET @OLD_SQL_NOTES=@@SQL_NOTES, SQL_NOTES=0 */;

--
-- Table structure for table `DATABASECHANGELOG`
--

DROP TABLE IF EXISTS `DATABASECHANGELOG`;
/*!40101 SET @saved_cs_client     = @@character_set_client */;
/*!40101 SET character_set_client = utf8 */;
CREATE TABLE `DATABASECHANGELOG` (
  `ID` varchar(255) NOT NULL,
  `AUTHOR` varchar(255) NOT NULL,
  `FILENAME` varchar(255) NOT NULL,
  `DATEEXECUTED` datetime NOT NULL,
  `ORDEREXECUTED` int(11) NOT NULL,
  `EXECTYPE` varchar(10) NOT NULL,
  `MD5SUM` varchar(35) DEFAULT NULL,
  `DESCRIPTION` varchar(255) DEFAULT NULL,
  `COMMENTS` varchar(255) DEFAULT NULL,
  `TAG` varchar(255) DEFAULT NULL,
  `LIQUIBASE` varchar(20) DEFAULT NULL,
  `CONTEXTS` varchar(255) DEFAULT NULL,
  `LABELS` varchar(255) DEFAULT NULL,
  `DEPLOYMENT_ID` varchar(10) DEFAULT NULL
) ENGINE=InnoDB DEFAULT CHARSET=latin1;
/*!40101 SET character_set_client = @saved_cs_client */;

--
-- Dumping data for table `DATABASECHANGELOG`
--

LOCK TABLES `DATABASECHANGELOG` WRITE;
/*!40000 ALTER TABLE `DATABASECHANGELOG` DISABLE KEYS */;
INSERT INTO `DATABASECHANGELOG` VALUES ('mark_types','vHotsuliak','classpath:db/changesets/create-tables.sql','2023-03-23 10:12:25',1,'EXECUTED','7:7ca5823d1e2fa9df9e880e074c93ec1e','sql','',NULL,'3.5.4',NULL,NULL,'9566345234'),('1','User1','classpath:db/changesets/create-tables.sql','2023-03-23 10:12:26',2,'EXECUTED','7:881c7afdc3f56430e27b6a83d333573c','sql','',NULL,'3.5.4',NULL,NULL,'9566345234'),('add_unique_pair_class_name_year','VitaliyPopovych','classpath:db/changesets/create-tables.sql','2023-03-23 10:12:26',3,'EXECUTED','7:8a945561467b4b44b731c3fb21d45ea6','sql','',NULL,'3.5.4',NULL,NULL,'9566345234'),('make_unique_name_of_subject','by IhorKudiarskyi','classpath:db/changesets/create-tables.sql','2023-03-23 10:12:26',4,'EXECUTED','7:a7fccbff9a343f4cd168ac3735f9bb0f','sql','',NULL,'3.5.4',NULL,NULL,'9566345234'),('password_reset_token_table_and_scheduler','serhiiboiko','classpath:db/changesets/create-tables.sql','2023-03-23 10:12:27',5,'EXECUTED','7:f11e61bd7d18ffe0aba15ddebb7b9761','sql','',NULL,'3.5.4',NULL,NULL,'9566345234'),('markTypes','vHotsuliak','classpath:db/changesets/create-tables.sql','2023-03-23 10:12:27',6,'EXECUTED','7:7887a6c5e50b71b596e672cbec308080','sql','',NULL,'3.5.4',NULL,NULL,'9566345234'),('inserting_data','PavloDarchyn','classpath:db/changesets/insert-data.sql','2023-03-23 10:12:27',7,'EXECUTED','7:d0d75d3ed7eb761b462ca19ef9914929','sql','',NULL,'3.5.4',NULL,NULL,'9566345234'),('add_students_to_class_9','serhiiboiko','classpath:db/changesets/insert-data.sql','2023-03-23 10:12:27',8,'EXECUTED','7:11799178e58a59d82276af3d59f64709','sql','',NULL,'3.5.4',NULL,NULL,'9566345234'),('inser_mark_types','vHotsuliak','classpath:db/changesets/lesson-data-insert.sql','2023-03-23 10:12:27',9,'EXECUTED','7:046af20fd4608395a0aa1b4ded1bd5e8','sql','',NULL,'3.5.4',NULL,NULL,'9566345234'),('lessons_insert','serhiiboiko','classpath:db/changesets/lesson-data-insert.sql','2023-03-23 10:12:30',10,'EXECUTED','7:3b8fa4abfb1f4a100947302afd8ba8f0','sql','',NULL,'3.5.4',NULL,NULL,'9566345234'),('insert_additional_lessons','serhiiboiko','classpath:db/changesets/lesson-data-insert.sql','2023-03-23 10:12:34',11,'EXECUTED','7:f2e0c97f926df3ba1a55528f00e67c5f','sql','',NULL,'3.5.4',NULL,NULL,'9566345234'),('marks_insert','serhiiboiko','classpath:db/changesets/mark-data-insert.sql','2023-03-23 10:12:39',12,'EXECUTED','7:6b168d0681d0f996ab5ed53a77bcef2d','sql','',NULL,'3.5.4',NULL,NULL,'9566345234'),('additional_marks_insert','serhiiboiko','classpath:db/changesets/mark-data-insert.sql','2023-03-23 10:12:41',13,'EXECUTED','7:75011dc016b9c486eb94b5e90ece85d4','sql','',NULL,'3.5.4',NULL,NULL,'9566345234');
/*!40000 ALTER TABLE `DATABASECHANGELOG` ENABLE KEYS */;
UNLOCK TABLES;

--
-- Table structure for table `DATABASECHANGELOGLOCK`
--

DROP TABLE IF EXISTS `DATABASECHANGELOGLOCK`;
/*!40101 SET @saved_cs_client     = @@character_set_client */;
/*!40101 SET character_set_client = utf8 */;
CREATE TABLE `DATABASECHANGELOGLOCK` (
  `ID` int(11) NOT NULL,
  `LOCKED` bit(1) NOT NULL,
  `LOCKGRANTED` datetime DEFAULT NULL,
  `LOCKEDBY` varchar(255) DEFAULT NULL,
  PRIMARY KEY (`ID`)
) ENGINE=InnoDB DEFAULT CHARSET=latin1;
/*!40101 SET character_set_client = @saved_cs_client */;

--
-- Dumping data for table `DATABASECHANGELOGLOCK`
--

LOCK TABLES `DATABASECHANGELOGLOCK` WRITE;
/*!40000 ALTER TABLE `DATABASECHANGELOGLOCK` DISABLE KEYS */;
INSERT INTO `DATABASECHANGELOGLOCK` VALUES (1,'\0',NULL,NULL);
/*!40000 ALTER TABLE `DATABASECHANGELOGLOCK` ENABLE KEYS */;
UNLOCK TABLES;

--
-- Table structure for table `class_teacher_subject_link`
--

DROP TABLE IF EXISTS `class_teacher_subject_link`;
/*!40101 SET @saved_cs_client     = @@character_set_client */;
/*!40101 SET character_set_client = utf8 */;
CREATE TABLE `class_teacher_subject_link` (
  `teacher_id` int(11) NOT NULL,
  `subject_id` int(11) NOT NULL,
  `clazz_id` int(11) NOT NULL,
  `is_active` bit(1) NOT NULL,
  PRIMARY KEY (`teacher_id`,`subject_id`,`clazz_id`),
  KEY `FK2cxobx1gt9ypn7xqvnnu5kelo` (`subject_id`),
  KEY `FKs14ndc8vkc4tq78by75egflka` (`clazz_id`),
  CONSTRAINT `fk_class_subject_teacher1` FOREIGN KEY (`subject_id`) REFERENCES `subject` (`id`),
  CONSTRAINT `fk_class_subject_teacher2` FOREIGN KEY (`teacher_id`) REFERENCES `teacher` (`id`),
  CONSTRAINT `fk_class_subject_teacher3` FOREIGN KEY (`clazz_id`) REFERENCES `clazz` (`id`)
) ENGINE=InnoDB DEFAULT CHARSET=utf8;
/*!40101 SET character_set_client = @saved_cs_client */;

--
-- Dumping data for table `class_teacher_subject_link`
--

LOCK TABLES `class_teacher_subject_link` WRITE;
/*!40000 ALTER TABLE `class_teacher_subject_link` DISABLE KEYS */;
INSERT INTO `class_teacher_subject_link` VALUES (1,1,1,''),(1,1,5,''),(2,3,1,''),(2,3,2,''),(3,4,1,''),(3,4,3,''),(3,5,1,''),(3,5,2,''),(3,5,5,''),(4,1,3,''),(4,2,1,''),(4,2,5,''),(5,5,3,''),(5,6,4,''),(6,6,2,''),(6,7,4,''),(7,8,3,''),(7,8,4,''),(7,10,3,''),(7,10,4,''),(7,10,5,''),(8,9,2,''),(8,9,4,''),(8,9,5,'');
/*!40000 ALTER TABLE `class_teacher_subject_link` ENABLE KEYS */;
UNLOCK TABLES;

--
-- Table structure for table `clazz`
--

DROP TABLE IF EXISTS `clazz`;
/*!40101 SET @saved_cs_client     = @@character_set_client */;
/*!40101 SET character_set_client = utf8 */;
CREATE TABLE `clazz` (
  `id` int(11) NOT NULL AUTO_INCREMENT,
  `name` varchar(255) NOT NULL,
  `academic_year` int(11) NOT NULL,
  `description` varchar(255) DEFAULT NULL,
  `is_active` bit(1) NOT NULL,
  PRIMARY KEY (`id`),
  UNIQUE KEY `nameYearIndex` (`name`,`academic_year`)
) ENGINE=InnoDB AUTO_INCREMENT=6 DEFAULT CHARSET=utf8;
/*!40101 SET character_set_client = @saved_cs_client */;

--
-- Dumping data for table `clazz`
--

LOCK TABLES `clazz` WRITE;
/*!40000 ALTER TABLE `clazz` DISABLE KEYS */;
INSERT INTO `clazz` VALUES (1,'8-А',2017,NULL,'\0'),(2,'7-А',2018,NULL,''),(3,'7-Б',2018,NULL,''),(4,'9',2018,NULL,''),(5,'5-А',2016,NULL,'\0');
/*!40000 ALTER TABLE `clazz` ENABLE KEYS */;
UNLOCK TABLES;

--
-- Table structure for table `file`
--

DROP TABLE IF EXISTS `file`;
/*!40101 SET @saved_cs_client     = @@character_set_client */;
/*!40101 SET character_set_client = utf8 */;
CREATE TABLE `file` (
  `id` int(11) NOT NULL AUTO_INCREMENT,
  `file_name` varchar(255) NOT NULL,
  `file` mediumtext NOT NULL,
  `file_type` varchar(255) NOT NULL,
  PRIMARY KEY (`id`)
) ENGINE=InnoDB DEFAULT CHARSET=utf8;
/*!40101 SET character_set_client = @saved_cs_client */;

--
-- Dumping data for table `file`
--

LOCK TABLES `file` WRITE;
/*!40000 ALTER TABLE `file` DISABLE KEYS */;
/*!40000 ALTER TABLE `file` ENABLE KEYS */;
UNLOCK TABLES;

--
-- Table structure for table `lesson`
--

DROP TABLE IF EXISTS `lesson`;
/*!40101 SET @saved_cs_client     = @@character_set_client */;
/*!40101 SET character_set_client = utf8 */;
CREATE TABLE `lesson` (
  `id` int(11) NOT NULL AUTO_INCREMENT,
  `clazz_id` int(11) NOT NULL,
  `subject_id` int(11) NOT NULL,
  `date` date NOT NULL,
  `hometask` varchar(255) DEFAULT NULL,
  `lesson_number` tinyint(2) NOT NULL,
  `mark_type_id` int(11) DEFAULT NULL,
  `homework_file_id` int(11) DEFAULT NULL,
  PRIMARY KEY (`id`),
  KEY `FKlqfrfxjgij4gjebdvvaeoyr14` (`clazz_id`),
  KEY `fk_mark_type` (`mark_type_id`),
  KEY `fk_lesson_subject` (`subject_id`),
  KEY `fk_homework_file` (`homework_file_id`),
  CONSTRAINT `fk_homework_file` FOREIGN KEY (`homework_file_id`) REFERENCES `file` (`id`),
  CONSTRAINT `fk_lesson_class` FOREIGN KEY (`clazz_id`) REFERENCES `clazz` (`id`),
  CONSTRAINT `fk_lesson_subject` FOREIGN KEY (`subject_id`) REFERENCES `subject` (`id`),
  CONSTRAINT `fk_mark_type` FOREIGN KEY (`mark_type_id`) REFERENCES `mark_type` (`id`)
) ENGINE=InnoDB AUTO_INCREMENT=1714 DEFAULT CHARSET=utf8;
/*!40101 SET character_set_client = @saved_cs_client */;

--
-- Dumping data for table `lesson`
--

LOCK TABLES `lesson` WRITE;
/*!40000 ALTER TABLE `lesson` DISABLE KEYS */;
INSERT INTO `lesson` VALUES (1,2,9,'2018-09-03','',1,2,NULL),(2,2,10,'2018-09-03','',2,2,NULL),(3,2,8,'2018-09-03','',3,3,NULL),(4,2,6,'2018-09-03','Домашнє завдання #47, #92',4,4,NULL),(5,2,4,'2018-09-03','Домашнє завдання #9, #4',5,4,NULL),(6,2,2,'2018-09-04','',1,3,NULL),(7,2,10,'2018-09-04','',2,5,NULL),(8,2,5,'2018-09-04','',3,2,NULL),(9,2,8,'2018-09-04','',4,5,NULL),(10,2,8,'2018-09-04','Домашнє завдання #18, #84',5,2,NULL),(11,2,3,'2018-09-05','',1,2,NULL),(12,2,6,'2018-09-05','Домашнє завдання #15, #92',2,4,NULL),(13,2,5,'2018-09-05','',3,3,NULL),(14,2,5,'2018-09-05','',4,2,NULL),(15,2,2,'2018-09-06','Домашнє завдання #57, #19',1,4,NULL),(16,2,1,'2018-09-06','Домашнє завдання #44, #70',2,4,NULL),(17,2,4,'2018-09-06','Домашнє завдання #73, #52',3,5,NULL),(18,2,5,'2018-09-07','Домашнє завдання #15, #26',1,3,NULL),(19,2,8,'2018-09-07','Домашнє завдання #42, #53',2,2,NULL),(20,2,3,'2018-09-07','Домашнє завдання #67, #95',3,5,NULL),(21,2,1,'2018-09-07','',4,4,NULL),(22,2,9,'2018-09-10','',1,5,NULL),(23,2,10,'2018-09-10','Домашнє завдання #47, #23',2,3,NULL),(24,2,8,'2018-09-10','',3,4,NULL),(25,2,6,'2018-09-10','',4,2,NULL),(26,2,4,'2018-09-10','',5,2,NULL),(27,2,2,'2018-09-11','Домашнє завдання #7, #80',1,2,NULL),(28,2,10,'2018-09-11','Домашнє завдання #67, #15',2,2,NULL),(29,2,5,'2018-09-11','',3,4,NULL),(30,2,8,'2018-09-11','Домашнє завдання #29, #43',4,4,NULL),(31,2,8,'2018-09-11','',5,5,NULL),(32,2,3,'2018-09-12','Домашнє завдання #94, #22',1,3,NULL),(33,2,6,'2018-09-12','',2,3,NULL),(34,2,5,'2018-09-12','',3,5,NULL),(35,2,5,'2018-09-12','Домашнє завдання #77, #90',4,5,NULL),(36,2,2,'2018-09-13','',1,5,NULL),(37,2,1,'2018-09-13','Домашнє завдання #83, #86',2,3,NULL),(38,2,4,'2018-09-13','',3,3,NULL),(39,2,5,'2018-09-14','',1,3,NULL),(40,2,8,'2018-09-14','Домашнє завдання #91, #75',2,3,NULL),(41,2,3,'2018-09-14','',3,4,NULL),(42,2,1,'2018-09-14','',4,4,NULL),(43,2,9,'2018-09-17','',1,5,NULL),(44,2,10,'2018-09-17','Домашнє завдання #34, #62',2,4,NULL),(45,2,8,'2018-09-17','',3,4,NULL),(46,2,6,'2018-09-17','',4,4,NULL),(47,2,4,'2018-09-17','Домашнє завдання #47, #17',5,2,NULL),(48,2,2,'2018-09-18','Домашнє завдання #38, #42',1,4,NULL),(49,2,10,'2018-09-18','Домашнє завдання #25, #40',2,4,NULL),(50,2,5,'2018-09-18','Домашнє завдання #27, #44',3,4,NULL),(51,2,8,'2018-09-18','',4,4,NULL),(52,2,8,'2018-09-18','Домашнє завдання #13, #90',5,2,NULL),(53,2,3,'2018-09-19','',1,3,NULL),(54,2,6,'2018-09-19','Домашнє завдання #35, #40',2,5,NULL),(55,2,5,'2018-09-19','',3,4,NULL),(56,2,5,'2018-09-19','Домашнє завдання #38, #89',4,5,NULL),(57,2,2,'2018-09-20','',1,5,NULL),(58,2,1,'2018-09-20','',2,5,NULL),(59,2,4,'2018-09-20','',3,2,NULL),(60,2,5,'2018-09-21','Домашнє завдання #64, #6',1,5,NULL),(61,2,8,'2018-09-21','',2,3,NULL),(62,2,3,'2018-09-21','',3,3,NULL),(63,2,1,'2018-09-21','Домашнє завдання #92, #84',4,3,NULL),(64,2,9,'2018-09-24','',1,3,NULL),(65,2,10,'2018-09-24','Домашнє завдання #67, #77',2,2,NULL),(66,2,8,'2018-09-24','',3,5,NULL),(67,2,6,'2018-09-24','',4,5,NULL),(68,2,4,'2018-09-24','Домашнє завдання #80, #57',5,3,NULL),(69,2,2,'2018-09-25','',1,5,NULL),(70,2,10,'2018-09-25','Домашнє завдання #81, #13',2,2,NULL),(71,2,5,'2018-09-25','',3,3,NULL),(72,2,8,'2018-09-25','',4,2,NULL),(73,2,8,'2018-09-25','Домашнє завдання #89, #24',5,5,NULL),(74,2,3,'2018-09-26','',1,5,NULL),(75,2,6,'2018-09-26','Домашнє завдання #5, #86',2,5,NULL),(76,2,5,'2018-09-26','Домашнє завдання #53, #53',3,4,NULL),(77,2,5,'2018-09-26','Домашнє завдання #90, #4',4,3,NULL),(78,2,2,'2018-09-27','Домашнє завдання #99, #67',1,3,NULL),(79,2,1,'2018-09-27','',2,2,NULL),(80,2,4,'2018-09-27','Домашнє завдання #24, #72',3,2,NULL),(81,2,5,'2018-09-28','',1,4,NULL),(82,2,8,'2018-09-28','Домашнє завдання #51, #77',2,4,NULL),(83,2,3,'2018-09-28','Домашнє завдання #40, #2',3,5,NULL),(84,2,1,'2018-09-28','Домашнє завдання #6, #34',4,2,NULL),(85,2,9,'2018-10-01','Домашнє завдання #69, #48',1,4,NULL),(86,2,10,'2018-10-01','Домашнє завдання #53, #79',2,4,NULL),(87,2,8,'2018-10-01','',3,2,NULL),(88,2,6,'2018-10-01','Домашнє завдання #97, #70',4,4,NULL),(89,2,4,'2018-10-01','Домашнє завдання #47, #26',5,2,NULL),(90,2,2,'2018-10-02','Домашнє завдання #8, #19',1,5,NULL),(91,2,10,'2018-10-02','Домашнє завдання #86, #33',2,2,NULL),(92,2,5,'2018-10-02','',3,2,NULL),(93,2,8,'2018-10-02','',4,2,NULL),(94,2,8,'2018-10-02','',5,4,NULL),(95,2,3,'2018-10-03','Домашнє завдання #85, #72',1,5,NULL),(96,2,6,'2018-10-03','Домашнє завдання #45, #48',2,4,NULL),(97,2,5,'2018-10-03','',3,3,NULL),(98,2,5,'2018-10-03','Домашнє завдання #97, #59',4,5,NULL),(99,2,2,'2018-10-04','Домашнє завдання #93, #99',1,5,NULL),(100,2,1,'2018-10-04','Домашнє завдання #42, #25',2,4,NULL),(101,2,4,'2018-10-04','',3,4,NULL),(102,2,5,'2018-10-05','',1,5,NULL),(103,2,8,'2018-10-05','Домашнє завдання #25, #12',2,4,NULL),(104,2,3,'2018-10-05','',3,5,NULL),(105,2,1,'2018-10-05','Домашнє завдання #56, #41',4,4,NULL),(106,2,9,'2018-10-08','',1,3,NULL),(107,2,10,'2018-10-08','Домашнє завдання #79, #58',2,5,NULL),(108,2,8,'2018-10-08','',3,2,NULL),(109,2,6,'2018-10-08','',4,5,NULL),(110,2,4,'2018-10-08','',5,3,NULL),(111,2,2,'2018-10-09','',1,2,NULL),(112,2,10,'2018-10-09','Домашнє завдання #57, #39',2,4,NULL),(113,2,5,'2018-10-09','',3,4,NULL),(114,2,8,'2018-10-09','',4,5,NULL),(115,2,8,'2018-10-09','',5,2,NULL),(116,2,3,'2018-10-10','Домашнє завдання #73, #83',1,5,NULL),(117,2,6,'2018-10-10','Домашнє завдання #21, #82',2,4,NULL),(118,2,5,'2018-10-10','Домашнє завдання #49, #38',3,4,NULL),(119,2,5,'2018-10-10','',4,4,NULL),(120,2,2,'2018-10-11','',1,2,NULL),(121,2,1,'2018-10-11','Домашнє завдання #4, #52',2,5,NULL),(122,2,4,'2018-10-11','',3,4,NULL),(123,2,5,'2018-10-12','',1,5,NULL),(124,2,8,'2018-10-12','Домашнє завдання #19, #85',2,2,NULL),(125,2,3,'2018-10-12','',3,4,NULL),(126,2,1,'2018-10-12','',4,5,NULL),(127,2,9,'2018-10-15','Домашнє завдання #78, #65',1,2,NULL),(128,2,10,'2018-10-15','Домашнє завдання #31, #72',2,5,NULL),(129,2,8,'2018-10-15','',3,4,NULL),(130,2,6,'2018-10-15','',4,5,NULL),(131,2,4,'2018-10-15','Домашнє завдання #39, #0',5,2,NULL),(132,2,2,'2018-10-16','',1,3,NULL),(133,2,10,'2018-10-16','',2,5,NULL),(134,2,5,'2018-10-16','',3,5,NULL),(135,2,8,'2018-10-16','Домашнє завдання #6, #21',4,4,NULL),(136,2,8,'2018-10-16','Домашнє завдання #59, #68',5,3,NULL),(137,2,3,'2018-10-17','Домашнє завдання #82, #10',1,4,NULL),(138,2,6,'2018-10-17','Домашнє завдання #84, #76',2,4,NULL),(139,2,5,'2018-10-17','',3,3,NULL),(140,2,5,'2018-10-17','Домашнє завдання #2, #4',4,2,NULL),(141,2,2,'2018-10-18','Домашнє завдання #7, #2',1,2,NULL),(142,2,1,'2018-10-18','',2,4,NULL),(143,2,4,'2018-10-18','',3,5,NULL),(144,2,5,'2018-10-19','',1,3,NULL),(145,2,8,'2018-10-19','Домашнє завдання #34, #84',2,3,NULL),(146,2,3,'2018-10-19','Домашнє завдання #21, #35',3,5,NULL),(147,2,1,'2018-10-19','',4,4,NULL),(148,2,9,'2018-10-22','',1,3,NULL),(149,2,10,'2018-10-22','Домашнє завдання #16, #29',2,2,NULL),(150,2,8,'2018-10-22','Домашнє завдання #44, #17',3,5,NULL),(151,2,6,'2018-10-22','Домашнє завдання #53, #15',4,2,NULL),(152,2,4,'2018-10-22','Домашнє завдання #88, #58',5,5,NULL),(153,2,2,'2018-10-23','Домашнє завдання #88, #11',1,4,NULL),(154,2,10,'2018-10-23','Домашнє завдання #29, #16',2,2,NULL),(155,2,5,'2018-10-23','Домашнє завдання #64, #63',3,3,NULL),(156,2,8,'2018-10-23','Домашнє завдання #8, #33',4,4,NULL),(157,2,8,'2018-10-23','',5,2,NULL),(158,2,3,'2018-10-24','Домашнє завдання #27, #89',1,5,NULL),(159,2,6,'2018-10-24','',2,3,NULL),(160,2,5,'2018-10-24','Домашнє завдання #13, #25',3,4,NULL),(161,2,5,'2018-10-24','Домашнє завдання #5, #22',4,2,NULL),(162,2,2,'2018-10-25','',1,2,NULL),(163,2,1,'2018-10-25','Домашнє завдання #12, #42',2,3,NULL),(164,2,4,'2018-10-25','Домашнє завдання #50, #18',3,5,NULL),(165,2,5,'2018-10-26','Домашнє завдання #23, #42',1,3,NULL),(166,2,8,'2018-10-26','',2,4,NULL),(167,2,3,'2018-10-26','',3,3,NULL),(168,2,1,'2018-10-26','',4,3,NULL),(169,2,9,'2018-10-29','',1,4,NULL),(170,2,10,'2018-10-29','Домашнє завдання #83, #84',2,4,NULL),(171,2,8,'2018-10-29','Домашнє завдання #15, #56',3,2,NULL),(172,2,6,'2018-10-29','Домашнє завдання #52, #23',4,5,NULL),(173,2,4,'2018-10-29','',5,4,NULL),(174,2,2,'2018-10-30','',1,4,NULL),(175,2,10,'2018-10-30','',2,4,NULL),(176,2,5,'2018-10-30','Домашнє завдання #36, #37',3,2,NULL),(177,2,8,'2018-10-30','Домашнє завдання #51, #2',4,2,NULL),(178,2,8,'2018-10-30','Домашнє завдання #63, #3',5,3,NULL),(179,2,3,'2018-10-31','',1,2,NULL),(180,2,6,'2018-10-31','',2,4,NULL),(181,2,5,'2018-10-31','Домашнє завдання #54, #24',3,2,NULL),(182,2,5,'2018-10-31','Домашнє завдання #59, #66',4,3,NULL),(183,2,2,'2018-11-01','',1,3,NULL),(184,2,1,'2018-11-01','',2,2,NULL),(185,2,4,'2018-11-01','',3,2,NULL),(186,2,5,'2018-11-02','',1,3,NULL),(187,2,8,'2018-11-02','',2,3,NULL),(188,2,3,'2018-11-02','',3,4,NULL),(189,2,1,'2018-11-02','Домашнє завдання #17, #44',4,2,NULL),(190,2,9,'2018-11-05','',1,5,NULL),(191,2,10,'2018-11-05','',2,3,NULL),(192,2,8,'2018-11-05','',3,2,NULL),(193,2,6,'2018-11-05','',4,2,NULL),(194,2,4,'2018-11-05','Домашнє завдання #88, #0',5,2,NULL),(195,2,2,'2018-11-06','',1,5,NULL),(196,2,10,'2018-11-06','Домашнє завдання #1, #39',2,4,NULL),(197,2,5,'2018-11-06','Домашнє завдання #40, #98',3,4,NULL),(198,2,8,'2018-11-06','',4,2,NULL),(199,2,8,'2018-11-06','Домашнє завдання #71, #11',5,4,NULL),(200,2,3,'2018-11-07','',1,2,NULL),(201,2,6,'2018-11-07','Домашнє завдання #79, #62',2,2,NULL),(202,2,5,'2018-11-07','',3,4,NULL),(203,2,5,'2018-11-07','',4,4,NULL),(204,2,2,'2018-11-08','',1,5,NULL),(205,2,1,'2018-11-08','Домашнє завдання #24, #13',2,3,NULL),(206,2,4,'2018-11-08','Домашнє завдання #54, #53',3,3,NULL),(207,2,5,'2018-11-09','',1,2,NULL),(208,2,8,'2018-11-09','Домашнє завдання #97, #39',2,5,NULL),(209,2,3,'2018-11-09','',3,2,NULL),(210,2,1,'2018-11-09','Домашнє завдання #11, #37',4,2,NULL),(211,2,9,'2018-11-12','',1,5,NULL),(212,2,10,'2018-11-12','',2,3,NULL),(213,2,8,'2018-11-12','',3,5,NULL),(214,2,6,'2018-11-12','Домашнє завдання #25, #30',4,5,NULL),(215,2,4,'2018-11-12','',5,4,NULL),(216,2,2,'2018-11-13','Домашнє завдання #95, #99',1,4,NULL),(217,2,10,'2018-11-13','Домашнє завдання #37, #99',2,4,NULL),(218,2,5,'2018-11-13','Домашнє завдання #48, #61',3,2,NULL),(219,2,8,'2018-11-13','',4,4,NULL),(220,2,8,'2018-11-13','',5,3,NULL),(221,2,3,'2018-11-14','Домашнє завдання #79, #91',1,4,NULL),(222,2,6,'2018-11-14','Домашнє завдання #87, #4',2,4,NULL),(223,2,5,'2018-11-14','Домашнє завдання #42, #54',3,2,NULL),(224,2,5,'2018-11-14','Домашнє завдання #33, #67',4,4,NULL),(225,2,2,'2018-11-15','Домашнє завдання #5, #27',1,2,NULL),(226,2,1,'2018-11-15','Домашнє завдання #45, #49',2,4,NULL),(227,2,4,'2018-11-15','',3,4,NULL),(228,2,5,'2018-11-16','Домашнє завдання #47, #77',1,2,NULL),(229,2,8,'2018-11-16','Домашнє завдання #7, #10',2,4,NULL),(230,2,3,'2018-11-16','',3,2,NULL),(231,2,1,'2018-11-16','',4,3,NULL),(232,2,9,'2018-11-19','',1,3,NULL),(233,2,10,'2018-11-19','',2,3,NULL),(234,2,8,'2018-11-19','',3,5,NULL),(235,2,6,'2018-11-19','Домашнє завдання #51, #78',4,5,NULL),(236,2,4,'2018-11-19','Домашнє завдання #97, #3',5,5,NULL),(237,2,2,'2018-11-20','Домашнє завдання #24, #23',1,3,NULL),(238,2,10,'2018-11-20','',2,5,NULL),(239,2,5,'2018-11-20','',3,3,NULL),(240,2,8,'2018-11-20','Домашнє завдання #15, #24',4,5,NULL),(241,2,8,'2018-11-20','Домашнє завдання #38, #43',5,2,NULL),(242,2,3,'2018-11-21','',1,4,NULL),(243,2,6,'2018-11-21','Домашнє завдання #1, #79',2,2,NULL),(244,2,5,'2018-11-21','',3,4,NULL),(245,2,5,'2018-11-21','Домашнє завдання #72, #85',4,3,NULL),(246,2,2,'2018-11-22','Домашнє завдання #44, #55',1,4,NULL),(247,2,1,'2018-11-22','Домашнє завдання #3, #61',2,4,NULL),(248,2,4,'2018-11-22','',3,3,NULL),(249,2,5,'2018-11-23','Домашнє завдання #49, #9',1,4,NULL),(250,2,8,'2018-11-23','Домашнє завдання #78, #13',2,3,NULL),(251,2,3,'2018-11-23','Домашнє завдання #0, #92',3,5,NULL),(252,2,1,'2018-11-23','',4,4,NULL),(253,3,9,'2018-09-03','Домашнє завдання #9, #22',1,5,NULL),(254,3,8,'2018-09-03','Домашнє завдання #12, #84',2,3,NULL),(255,3,4,'2018-09-03','Домашнє завдання #93, #96',3,2,NULL),(256,3,5,'2018-09-03','Домашнє завдання #28, #96',4,3,NULL),(257,3,5,'2018-09-03','Домашнє завдання #80, #89',5,3,NULL),(258,3,7,'2018-09-04','',1,4,NULL),(259,3,9,'2018-09-04','',2,5,NULL),(260,3,9,'2018-09-04','Домашнє завдання #95, #48',3,3,NULL),(261,3,10,'2018-09-04','',4,4,NULL),(262,3,8,'2018-09-05','',1,2,NULL),(263,3,4,'2018-09-05','',2,5,NULL),(264,3,3,'2018-09-05','Домашнє завдання #1, #61',3,2,NULL),(265,3,3,'2018-09-06','Домашнє завдання #63, #24',1,5,NULL),(266,3,3,'2018-09-06','Домашнє завдання #5, #44',2,3,NULL),(267,3,7,'2018-09-06','',3,3,NULL),(268,3,10,'2018-09-06','Домашнє завдання #98, #85',4,4,NULL),(269,3,7,'2018-09-06','Домашнє завдання #96, #27',5,5,NULL),(270,3,1,'2018-09-07','',1,4,NULL),(271,3,10,'2018-09-07','Домашнє завдання #77, #37',2,3,NULL),(272,3,5,'2018-09-07','',3,2,NULL),(273,3,10,'2018-09-07','',4,2,NULL),(274,3,9,'2018-09-07','Домашнє завдання #77, #8',5,2,NULL),(275,3,4,'2018-09-07','Домашнє завдання #54, #3',6,2,NULL),(276,3,9,'2018-09-10','',1,4,NULL),(277,3,8,'2018-09-10','Домашнє завдання #71, #25',2,4,NULL),(278,3,4,'2018-09-10','Домашнє завдання #47, #72',3,3,NULL),(279,3,5,'2018-09-10','',4,4,NULL),(280,3,5,'2018-09-10','',5,3,NULL),(281,3,7,'2018-09-11','',1,2,NULL),(282,3,9,'2018-09-11','Домашнє завдання #73, #61',2,4,NULL),(283,3,9,'2018-09-11','Домашнє завдання #53, #49',3,2,NULL),(284,3,10,'2018-09-11','',4,4,NULL),(285,3,8,'2018-09-12','Домашнє завдання #17, #41',1,3,NULL),(286,3,4,'2018-09-12','',2,4,NULL),(287,3,3,'2018-09-12','',3,2,NULL),(288,3,3,'2018-09-13','Домашнє завдання #91, #57',1,5,NULL),(289,3,3,'2018-09-13','',2,5,NULL),(290,3,7,'2018-09-13','',3,4,NULL),(291,3,10,'2018-09-13','Домашнє завдання #14, #48',4,2,NULL),(292,3,7,'2018-09-13','Домашнє завдання #14, #6',5,5,NULL),(293,3,1,'2018-09-14','',1,4,NULL),(294,3,10,'2018-09-14','',2,3,NULL),(295,3,5,'2018-09-14','',3,5,NULL),(296,3,10,'2018-09-14','Домашнє завдання #8, #16',4,4,NULL),(297,3,9,'2018-09-14','Домашнє завдання #58, #82',5,3,NULL),(298,3,4,'2018-09-14','Домашнє завдання #70, #6',6,4,NULL),(299,3,9,'2018-09-17','Домашнє завдання #42, #81',1,5,NULL),(300,3,8,'2018-09-17','',2,5,NULL),(301,3,4,'2018-09-17','',3,5,NULL),(302,3,5,'2018-09-17','Домашнє завдання #38, #46',4,4,NULL),(303,3,5,'2018-09-17','Домашнє завдання #73, #68',5,4,NULL),(304,3,7,'2018-09-18','',1,4,NULL),(305,3,9,'2018-09-18','Домашнє завдання #22, #56',2,3,NULL),(306,3,9,'2018-09-18','Домашнє завдання #97, #43',3,3,NULL),(307,3,10,'2018-09-18','',4,4,NULL),(308,3,8,'2018-09-19','',1,5,NULL),(309,3,4,'2018-09-19','',2,3,NULL),(310,3,3,'2018-09-19','',3,5,NULL),(311,3,3,'2018-09-20','Домашнє завдання #32, #40',1,3,NULL),(312,3,3,'2018-09-20','Домашнє завдання #17, #86',2,2,NULL),(313,3,7,'2018-09-20','',3,5,NULL),(314,3,10,'2018-09-20','Домашнє завдання #98, #1',4,4,NULL),(315,3,7,'2018-09-20','',5,2,NULL),(316,3,1,'2018-09-21','Домашнє завдання #49, #77',1,2,NULL),(317,3,10,'2018-09-21','',2,3,NULL),(318,3,5,'2018-09-21','',3,3,NULL),(319,3,10,'2018-09-21','',4,2,NULL),(320,3,9,'2018-09-21','',5,4,NULL),(321,3,4,'2018-09-21','Домашнє завдання #34, #35',6,5,NULL),(322,3,9,'2018-09-24','',1,5,NULL),(323,3,8,'2018-09-24','',2,4,NULL),(324,3,4,'2018-09-24','Домашнє завдання #64, #71',3,4,NULL),(325,3,5,'2018-09-24','Домашнє завдання #77, #70',4,2,NULL),(326,3,5,'2018-09-24','Домашнє завдання #91, #32',5,4,NULL),(327,3,7,'2018-09-25','Домашнє завдання #71, #38',1,2,NULL),(328,3,9,'2018-09-25','Домашнє завдання #94, #38',2,2,NULL),(329,3,9,'2018-09-25','Домашнє завдання #55, #90',3,4,NULL),(330,3,10,'2018-09-25','',4,4,NULL),(331,3,8,'2018-09-26','',1,4,NULL),(332,3,4,'2018-09-26','Домашнє завдання #39, #64',2,3,NULL),(333,3,3,'2018-09-26','',3,4,NULL),(334,3,3,'2018-09-27','Домашнє завдання #63, #87',1,4,NULL),(335,3,3,'2018-09-27','Домашнє завдання #83, #42',2,3,NULL),(336,3,7,'2018-09-27','Домашнє завдання #39, #32',3,5,NULL),(337,3,10,'2018-09-27','',4,2,NULL),(338,3,7,'2018-09-27','',5,5,NULL),(339,3,1,'2018-09-28','',1,4,NULL),(340,3,10,'2018-09-28','Домашнє завдання #28, #73',2,4,NULL),(341,3,5,'2018-09-28','',3,4,NULL),(342,3,10,'2018-09-28','Домашнє завдання #35, #79',4,2,NULL),(343,3,9,'2018-09-28','',5,5,NULL),(344,3,4,'2018-09-28','Домашнє завдання #95, #61',6,2,NULL),(345,3,9,'2018-10-01','Домашнє завдання #87, #93',1,5,NULL),(346,3,8,'2018-10-01','Домашнє завдання #84, #15',2,4,NULL),(347,3,4,'2018-10-01','',3,5,NULL),(348,3,5,'2018-10-01','Домашнє завдання #79, #57',4,5,NULL),(349,3,5,'2018-10-01','',5,5,NULL),(350,3,7,'2018-10-02','',1,4,NULL),(351,3,9,'2018-10-02','Домашнє завдання #61, #68',2,3,NULL),(352,3,9,'2018-10-02','Домашнє завдання #0, #65',3,3,NULL),(353,3,10,'2018-10-02','Домашнє завдання #0, #23',4,4,NULL),(354,3,8,'2018-10-03','',1,5,NULL),(355,3,4,'2018-10-03','Домашнє завдання #18, #60',2,2,NULL),(356,3,3,'2018-10-03','Домашнє завдання #96, #43',3,5,NULL),(357,3,3,'2018-10-04','',1,5,NULL),(358,3,3,'2018-10-04','Домашнє завдання #23, #36',2,2,NULL),(359,3,7,'2018-10-04','Домашнє завдання #56, #77',3,3,NULL),(360,3,10,'2018-10-04','',4,3,NULL),(361,3,7,'2018-10-04','Домашнє завдання #76, #54',5,3,NULL),(362,3,1,'2018-10-05','',1,4,NULL),(363,3,10,'2018-10-05','',2,5,NULL),(364,3,5,'2018-10-05','',3,4,NULL),(365,3,10,'2018-10-05','',4,3,NULL),(366,3,9,'2018-10-05','',5,5,NULL),(367,3,4,'2018-10-05','',6,4,NULL),(368,3,9,'2018-10-08','Домашнє завдання #36, #8',1,5,NULL),(369,3,8,'2018-10-08','Домашнє завдання #67, #24',2,4,NULL),(370,3,4,'2018-10-08','',3,4,NULL),(371,3,5,'2018-10-08','',4,2,NULL),(372,3,5,'2018-10-08','',5,4,NULL),(373,3,7,'2018-10-09','',1,5,NULL),(374,3,9,'2018-10-09','Домашнє завдання #79, #13',2,3,NULL),(375,3,9,'2018-10-09','',3,3,NULL),(376,3,10,'2018-10-09','Домашнє завдання #76, #54',4,5,NULL),(377,3,8,'2018-10-10','',1,4,NULL),(378,3,4,'2018-10-10','',2,3,NULL),(379,3,3,'2018-10-10','Домашнє завдання #39, #47',3,2,NULL),(380,3,3,'2018-10-11','',1,2,NULL),(381,3,3,'2018-10-11','',2,5,NULL),(382,3,7,'2018-10-11','',3,4,NULL),(383,3,10,'2018-10-11','Домашнє завдання #85, #96',4,4,NULL),(384,3,7,'2018-10-11','',5,3,NULL),(385,3,1,'2018-10-12','Домашнє завдання #90, #83',1,5,NULL),(386,3,10,'2018-10-12','Домашнє завдання #99, #40',2,5,NULL),(387,3,5,'2018-10-12','Домашнє завдання #27, #57',3,5,NULL),(388,3,10,'2018-10-12','Домашнє завдання #38, #68',4,3,NULL),(389,3,9,'2018-10-12','',5,2,NULL),(390,3,4,'2018-10-12','Домашнє завдання #90, #75',6,3,NULL),(391,3,9,'2018-10-15','Домашнє завдання #70, #76',1,3,NULL),(392,3,8,'2018-10-15','',2,3,NULL),(393,3,4,'2018-10-15','Домашнє завдання #49, #63',3,2,NULL),(394,3,5,'2018-10-15','',4,2,NULL),(395,3,5,'2018-10-15','',5,5,NULL),(396,3,7,'2018-10-16','Домашнє завдання #42, #28',1,2,NULL),(397,3,9,'2018-10-16','',2,4,NULL),(398,3,9,'2018-10-16','Домашнє завдання #84, #6',3,5,NULL),(399,3,10,'2018-10-16','Домашнє завдання #40, #72',4,3,NULL),(400,3,8,'2018-10-17','',1,5,NULL),(401,3,4,'2018-10-17','Домашнє завдання #14, #68',2,4,NULL),(402,3,3,'2018-10-17','',3,5,NULL),(403,3,3,'2018-10-18','',1,3,NULL),(404,3,3,'2018-10-18','Домашнє завдання #34, #10',2,3,NULL),(405,3,7,'2018-10-18','',3,4,NULL),(406,3,10,'2018-10-18','',4,4,NULL),(407,3,7,'2018-10-18','',5,2,NULL),(408,3,1,'2018-10-19','Домашнє завдання #57, #61',1,4,NULL),(409,3,10,'2018-10-19','Домашнє завдання #96, #40',2,4,NULL),(410,3,5,'2018-10-19','',3,4,NULL),(411,3,10,'2018-10-19','Домашнє завдання #2, #68',4,2,NULL),(412,3,9,'2018-10-19','Домашнє завдання #97, #49',5,2,NULL),(413,3,4,'2018-10-19','',6,5,NULL),(414,3,9,'2018-10-22','',1,5,NULL),(415,3,8,'2018-10-22','Домашнє завдання #30, #71',2,5,NULL),(416,3,4,'2018-10-22','Домашнє завдання #47, #70',3,3,NULL),(417,3,5,'2018-10-22','',4,5,NULL),(418,3,5,'2018-10-22','Домашнє завдання #20, #84',5,4,NULL),(419,3,7,'2018-10-23','Домашнє завдання #11, #33',1,2,NULL),(420,3,9,'2018-10-23','',2,3,NULL),(421,3,9,'2018-10-23','',3,3,NULL),(422,3,10,'2018-10-23','',4,3,NULL),(423,3,8,'2018-10-24','Домашнє завдання #44, #36',1,3,NULL),(424,3,4,'2018-10-24','Домашнє завдання #6, #2',2,4,NULL),(425,3,3,'2018-10-24','Домашнє завдання #45, #16',3,5,NULL),(426,3,3,'2018-10-25','Домашнє завдання #75, #97',1,4,NULL),(427,3,3,'2018-10-25','',2,3,NULL),(428,3,7,'2018-10-25','',3,5,NULL),(429,3,10,'2018-10-25','',4,4,NULL),(430,3,7,'2018-10-25','',5,4,NULL),(431,3,1,'2018-10-26','Домашнє завдання #39, #23',1,2,NULL),(432,3,10,'2018-10-26','Домашнє завдання #34, #64',2,4,NULL),(433,3,5,'2018-10-26','',3,4,NULL),(434,3,10,'2018-10-26','Домашнє завдання #8, #63',4,3,NULL),(435,3,9,'2018-10-26','',5,5,NULL),(436,3,4,'2018-10-26','',6,2,NULL),(437,3,9,'2018-10-29','Домашнє завдання #92, #43',1,5,NULL),(438,3,8,'2018-10-29','',2,4,NULL),(439,3,4,'2018-10-29','Домашнє завдання #34, #33',3,5,NULL),(440,3,5,'2018-10-29','Домашнє завдання #85, #52',4,3,NULL),(441,3,5,'2018-10-29','',5,2,NULL),(442,3,7,'2018-10-30','',1,2,NULL),(443,3,9,'2018-10-30','',2,5,NULL),(444,3,9,'2018-10-30','Домашнє завдання #70, #49',3,5,NULL),(445,3,10,'2018-10-30','',4,5,NULL),(446,3,8,'2018-10-31','',1,2,NULL),(447,3,4,'2018-10-31','Домашнє завдання #70, #75',2,4,NULL),(448,3,3,'2018-10-31','Домашнє завдання #73, #49',3,3,NULL),(449,3,3,'2018-11-01','',1,3,NULL),(450,3,3,'2018-11-01','Домашнє завдання #32, #29',2,3,NULL),(451,3,7,'2018-11-01','Домашнє завдання #56, #2',3,5,NULL),(452,3,10,'2018-11-01','Домашнє завдання #6, #79',4,3,NULL),(453,3,7,'2018-11-01','Домашнє завдання #0, #38',5,5,NULL),(454,3,1,'2018-11-02','Домашнє завдання #30, #94',1,5,NULL),(455,3,10,'2018-11-02','',2,3,NULL),(456,3,5,'2018-11-02','Домашнє завдання #36, #38',3,4,NULL),(457,3,10,'2018-11-02','Домашнє завдання #62, #33',4,5,NULL),(458,3,9,'2018-11-02','Домашнє завдання #70, #42',5,3,NULL),(459,3,4,'2018-11-02','Домашнє завдання #51, #82',6,2,NULL),(460,3,9,'2018-11-05','Домашнє завдання #21, #84',1,4,NULL),(461,3,8,'2018-11-05','',2,5,NULL),(462,3,4,'2018-11-05','Домашнє завдання #32, #97',3,4,NULL),(463,3,5,'2018-11-05','',4,5,NULL),(464,3,5,'2018-11-05','Домашнє завдання #8, #90',5,2,NULL),(465,3,7,'2018-11-06','Домашнє завдання #64, #46',1,4,NULL),(466,3,9,'2018-11-06','Домашнє завдання #76, #82',2,4,NULL),(467,3,9,'2018-11-06','',3,5,NULL),(468,3,10,'2018-11-06','',4,5,NULL),(469,3,8,'2018-11-07','Домашнє завдання #86, #64',1,2,NULL),(470,3,4,'2018-11-07','Домашнє завдання #77, #48',2,4,NULL),(471,3,3,'2018-11-07','Домашнє завдання #83, #95',3,5,NULL),(472,3,3,'2018-11-08','',1,4,NULL),(473,3,3,'2018-11-08','Домашнє завдання #61, #54',2,3,NULL),(474,3,7,'2018-11-08','',3,3,NULL),(475,3,10,'2018-11-08','Домашнє завдання #40, #26',4,3,NULL),(476,3,7,'2018-11-08','Домашнє завдання #34, #26',5,5,NULL),(477,3,1,'2018-11-09','',1,4,NULL),(478,3,10,'2018-11-09','',2,3,NULL),(479,3,5,'2018-11-09','Домашнє завдання #91, #39',3,4,NULL),(480,3,10,'2018-11-09','Домашнє завдання #69, #0',4,3,NULL),(481,3,9,'2018-11-09','Домашнє завдання #36, #9',5,5,NULL),(482,3,4,'2018-11-09','Домашнє завдання #75, #95',6,3,NULL),(483,3,9,'2018-11-12','',1,3,NULL),(484,3,8,'2018-11-12','Домашнє завдання #44, #97',2,2,NULL),(485,3,4,'2018-11-12','',3,3,NULL),(486,3,5,'2018-11-12','Домашнє завдання #68, #44',4,3,NULL),(487,3,5,'2018-11-12','Домашнє завдання #83, #30',5,5,NULL),(488,3,7,'2018-11-13','',1,3,NULL),(489,3,9,'2018-11-13','Домашнє завдання #41, #48',2,4,NULL),(490,3,9,'2018-11-13','Домашнє завдання #76, #27',3,4,NULL),(491,3,10,'2018-11-13','Домашнє завдання #50, #34',4,4,NULL),(492,3,8,'2018-11-14','Домашнє завдання #59, #67',1,2,NULL),(493,3,4,'2018-11-14','Домашнє завдання #68, #28',2,4,NULL),(494,3,3,'2018-11-14','Домашнє завдання #50, #31',3,4,NULL),(495,3,3,'2018-11-15','Домашнє завдання #64, #25',1,4,NULL),(496,3,3,'2018-11-15','Домашнє завдання #17, #85',2,2,NULL),(497,3,7,'2018-11-15','Домашнє завдання #88, #67',3,5,NULL),(498,3,10,'2018-11-15','Домашнє завдання #67, #43',4,4,NULL),(499,3,7,'2018-11-15','Домашнє завдання #30, #17',5,4,NULL),(500,3,1,'2018-11-16','Домашнє завдання #40, #3',1,5,NULL),(501,3,10,'2018-11-16','',2,4,NULL),(502,3,5,'2018-11-16','Домашнє завдання #80, #70',3,3,NULL),(503,3,10,'2018-11-16','Домашнє завдання #31, #40',4,2,NULL),(504,3,9,'2018-11-16','',5,5,NULL),(505,3,4,'2018-11-16','',6,5,NULL),(506,3,9,'2018-11-19','',1,5,NULL),(507,3,8,'2018-11-19','',2,3,NULL),(508,3,4,'2018-11-19','Домашнє завдання #17, #54',3,4,NULL),(509,3,5,'2018-11-19','',4,3,NULL),(510,3,5,'2018-11-19','Домашнє завдання #8, #71',5,5,NULL),(511,3,7,'2018-11-20','Домашнє завдання #12, #11',1,2,NULL),(512,3,9,'2018-11-20','Домашнє завдання #33, #73',2,5,NULL),(513,3,9,'2018-11-20','Домашнє завдання #45, #20',3,5,NULL),(514,3,10,'2018-11-20','',4,5,NULL),(515,3,8,'2018-11-21','',1,2,NULL),(516,3,4,'2018-11-21','Домашнє завдання #86, #28',2,4,NULL),(517,3,3,'2018-11-21','',3,5,NULL),(518,3,3,'2018-11-22','',1,3,NULL),(519,3,3,'2018-11-22','Домашнє завдання #19, #76',2,4,NULL),(520,3,7,'2018-11-22','Домашнє завдання #65, #44',3,5,NULL),(521,3,10,'2018-11-22','Домашнє завдання #88, #25',4,3,NULL),(522,3,7,'2018-11-22','',5,2,NULL),(523,3,1,'2018-11-23','Домашнє завдання #78, #48',1,2,NULL),(524,3,10,'2018-11-23','',2,4,NULL),(525,3,5,'2018-11-23','Домашнє завдання #64, #86',3,5,NULL),(526,3,10,'2018-11-23','',4,5,NULL),(527,3,9,'2018-11-23','Домашнє завдання #98, #76',5,4,NULL),(528,3,4,'2018-11-23','',6,2,NULL),(529,4,3,'2018-09-03','Домашнє завдання #51, #37',1,5,NULL),(530,4,1,'2018-09-03','Домашнє завдання #19, #23',2,5,NULL),(531,4,8,'2018-09-03','Домашнє завдання #3, #43',3,5,NULL),(532,4,10,'2018-09-03','Домашнє завдання #54, #3',4,2,NULL),(533,4,1,'2018-09-03','',5,5,NULL),(534,4,10,'2018-09-04','Домашнє завдання #96, #48',1,4,NULL),(535,4,8,'2018-09-04','Домашнє завдання #89, #36',2,3,NULL),(536,4,9,'2018-09-04','',3,3,NULL),(537,4,5,'2018-09-04','Домашнє завдання #57, #40',4,3,NULL),(538,4,7,'2018-09-04','Домашнє завдання #91, #56',5,2,NULL),(539,4,5,'2018-09-04','Домашнє завдання #79, #99',6,2,NULL),(540,4,5,'2018-09-05','Домашнє завдання #23, #62',1,2,NULL),(541,4,7,'2018-09-05','Домашнє завдання #23, #83',2,4,NULL),(542,4,8,'2018-09-05','',3,4,NULL),(543,4,10,'2018-09-05','',4,5,NULL),(544,4,1,'2018-09-05','Домашнє завдання #50, #15',5,3,NULL),(545,4,9,'2018-09-06','Домашнє завдання #48, #85',1,3,NULL),(546,4,8,'2018-09-06','Домашнє завдання #17, #72',2,5,NULL),(547,4,10,'2018-09-06','',3,4,NULL),(548,4,3,'2018-09-06','',4,4,NULL),(549,4,7,'2018-09-06','',5,4,NULL),(550,4,3,'2018-09-07','',1,3,NULL),(551,4,6,'2018-09-07','Домашнє завдання #54, #20',2,5,NULL),(552,4,4,'2018-09-07','Домашнє завдання #59, #29',3,5,NULL),(553,4,3,'2018-09-07','Домашнє завдання #16, #44',4,4,NULL),(554,4,3,'2018-09-10','',1,5,NULL),(555,4,1,'2018-09-10','',2,4,NULL),(556,4,8,'2018-09-10','Домашнє завдання #35, #29',3,5,NULL),(557,4,10,'2018-09-10','',4,2,NULL),(558,4,1,'2018-09-10','Домашнє завдання #5, #36',5,2,NULL),(559,4,10,'2018-09-11','Домашнє завдання #88, #33',1,4,NULL),(560,4,8,'2018-09-11','Домашнє завдання #76, #35',2,4,NULL),(561,4,9,'2018-09-11','Домашнє завдання #65, #56',3,3,NULL),(562,4,5,'2018-09-11','',4,4,NULL),(563,4,7,'2018-09-11','Домашнє завдання #80, #67',5,5,NULL),(564,4,5,'2018-09-11','',6,5,NULL),(565,4,5,'2018-09-12','',1,5,NULL),(566,4,7,'2018-09-12','Домашнє завдання #72, #34',2,2,NULL),(567,4,8,'2018-09-12','Домашнє завдання #96, #38',3,3,NULL),(568,4,10,'2018-09-12','',4,3,NULL),(569,4,1,'2018-09-12','',5,4,NULL),(570,4,9,'2018-09-13','Домашнє завдання #18, #81',1,2,NULL),(571,4,8,'2018-09-13','Домашнє завдання #6, #39',2,5,NULL),(572,4,10,'2018-09-13','Домашнє завдання #36, #61',3,4,NULL),(573,4,3,'2018-09-13','Домашнє завдання #78, #94',4,2,NULL),(574,4,7,'2018-09-13','Домашнє завдання #59, #48',5,2,NULL),(575,4,3,'2018-09-14','',1,2,NULL),(576,4,6,'2018-09-14','Домашнє завдання #90, #80',2,2,NULL),(577,4,4,'2018-09-14','Домашнє завдання #56, #83',3,4,NULL),(578,4,3,'2018-09-14','Домашнє завдання #24, #7',4,4,NULL),(579,4,3,'2018-09-17','Домашнє завдання #76, #39',1,3,NULL),(580,4,1,'2018-09-17','Домашнє завдання #69, #52',2,4,NULL),(581,4,8,'2018-09-17','',3,3,NULL),(582,4,10,'2018-09-17','Домашнє завдання #26, #37',4,2,NULL),(583,4,1,'2018-09-17','',5,5,NULL),(584,4,10,'2018-09-18','',1,5,NULL),(585,4,8,'2018-09-18','',2,5,NULL),(586,4,9,'2018-09-18','Домашнє завдання #5, #75',3,4,NULL),(587,4,5,'2018-09-18','',4,3,NULL),(588,4,7,'2018-09-18','',5,5,NULL),(589,4,5,'2018-09-18','Домашнє завдання #56, #53',6,2,NULL),(590,4,5,'2018-09-19','',1,4,NULL),(591,4,7,'2018-09-19','Домашнє завдання #19, #58',2,4,NULL),(592,4,8,'2018-09-19','Домашнє завдання #77, #2',3,3,NULL),(593,4,10,'2018-09-19','Домашнє завдання #12, #1',4,5,NULL),(594,4,1,'2018-09-19','',5,2,NULL),(595,4,9,'2018-09-20','Домашнє завдання #39, #0',1,5,NULL),(596,4,8,'2018-09-20','Домашнє завдання #98, #50',2,5,NULL),(597,4,10,'2018-09-20','',3,3,NULL),(598,4,3,'2018-09-20','Домашнє завдання #47, #82',4,5,NULL),(599,4,7,'2018-09-20','Домашнє завдання #19, #22',5,5,NULL),(600,4,3,'2018-09-21','Домашнє завдання #16, #43',1,5,NULL),(601,4,6,'2018-09-21','',2,3,NULL),(602,4,4,'2018-09-21','Домашнє завдання #83, #70',3,5,NULL),(603,4,3,'2018-09-21','',4,3,NULL),(604,4,3,'2018-09-24','Домашнє завдання #21, #3',1,2,NULL),(605,4,1,'2018-09-24','Домашнє завдання #23, #33',2,3,NULL),(606,4,8,'2018-09-24','',3,3,NULL),(607,4,10,'2018-09-24','Домашнє завдання #43, #6',4,4,NULL),(608,4,1,'2018-09-24','Домашнє завдання #11, #97',5,4,NULL),(609,4,10,'2018-09-25','',1,5,NULL),(610,4,8,'2018-09-25','',2,3,NULL),(611,4,9,'2018-09-25','Домашнє завдання #68, #7',3,2,NULL),(612,4,5,'2018-09-25','',4,4,NULL),(613,4,7,'2018-09-25','',5,2,NULL),(614,4,5,'2018-09-25','Домашнє завдання #94, #53',6,3,NULL),(615,4,5,'2018-09-26','',1,3,NULL),(616,4,7,'2018-09-26','',2,5,NULL),(617,4,8,'2018-09-26','Домашнє завдання #80, #51',3,3,NULL),(618,4,10,'2018-09-26','Домашнє завдання #93, #37',4,5,NULL),(619,4,1,'2018-09-26','Домашнє завдання #27, #6',5,5,NULL),(620,4,9,'2018-09-27','',1,4,NULL),(621,4,8,'2018-09-27','',2,2,NULL),(622,4,10,'2018-09-27','Домашнє завдання #43, #39',3,4,NULL),(623,4,3,'2018-09-27','Домашнє завдання #43, #60',4,4,NULL),(624,4,7,'2018-09-27','Домашнє завдання #28, #83',5,4,NULL),(625,4,3,'2018-09-28','Домашнє завдання #10, #31',1,4,NULL),(626,4,6,'2018-09-28','',2,5,NULL),(627,4,4,'2018-09-28','Домашнє завдання #95, #42',3,5,NULL),(628,4,3,'2018-09-28','Домашнє завдання #15, #23',4,3,NULL),(629,4,3,'2018-10-01','Домашнє завдання #29, #75',1,4,NULL),(630,4,1,'2018-10-01','Домашнє завдання #53, #54',2,5,NULL),(631,4,8,'2018-10-01','Домашнє завдання #87, #12',3,5,NULL),(632,4,10,'2018-10-01','Домашнє завдання #42, #49',4,4,NULL),(633,4,1,'2018-10-01','',5,4,NULL),(634,4,10,'2018-10-02','Домашнє завдання #97, #89',1,2,NULL),(635,4,8,'2018-10-02','',2,4,NULL),(636,4,9,'2018-10-02','Домашнє завдання #23, #84',3,3,NULL),(637,4,5,'2018-10-02','',4,4,NULL),(638,4,7,'2018-10-02','',5,4,NULL),(639,4,5,'2018-10-02','Домашнє завдання #34, #62',6,4,NULL),(640,4,5,'2018-10-03','Домашнє завдання #98, #75',1,4,NULL),(641,4,7,'2018-10-03','Домашнє завдання #96, #46',2,4,NULL),(642,4,8,'2018-10-03','',3,4,NULL),(643,4,10,'2018-10-03','Домашнє завдання #58, #95',4,5,NULL),(644,4,1,'2018-10-03','',5,2,NULL),(645,4,9,'2018-10-04','',1,5,NULL),(646,4,8,'2018-10-04','Домашнє завдання #3, #73',2,4,NULL),(647,4,10,'2018-10-04','Домашнє завдання #43, #75',3,5,NULL),(648,4,3,'2018-10-04','Домашнє завдання #63, #9',4,3,NULL),(649,4,7,'2018-10-04','',5,4,NULL),(650,4,3,'2018-10-05','Домашнє завдання #83, #85',1,5,NULL),(651,4,6,'2018-10-05','',2,2,NULL),(652,4,4,'2018-10-05','Домашнє завдання #57, #51',3,5,NULL),(653,4,3,'2018-10-05','',4,2,NULL),(654,4,3,'2018-10-08','',1,2,NULL),(655,4,1,'2018-10-08','',2,3,NULL),(656,4,8,'2018-10-08','',3,2,NULL),(657,4,10,'2018-10-08','',4,2,NULL),(658,4,1,'2018-10-08','Домашнє завдання #13, #48',5,3,NULL),(659,4,10,'2018-10-09','',1,5,NULL),(660,4,8,'2018-10-09','',2,2,NULL),(661,4,9,'2018-10-09','',3,5,NULL),(662,4,5,'2018-10-09','',4,5,NULL),(663,4,7,'2018-10-09','',5,5,NULL),(664,4,5,'2018-10-09','',6,2,NULL),(665,4,5,'2018-10-10','',1,2,NULL),(666,4,7,'2018-10-10','Домашнє завдання #19, #69',2,3,NULL),(667,4,8,'2018-10-10','',3,5,NULL),(668,4,10,'2018-10-10','',4,4,NULL),(669,4,1,'2018-10-10','Домашнє завдання #44, #17',5,4,NULL),(670,4,9,'2018-10-11','',1,3,NULL),(671,4,8,'2018-10-11','Домашнє завдання #91, #20',2,3,NULL),(672,4,10,'2018-10-11','Домашнє завдання #5, #93',3,4,NULL),(673,4,3,'2018-10-11','Домашнє завдання #45, #64',4,5,NULL),(674,4,7,'2018-10-11','',5,3,NULL),(675,4,3,'2018-10-12','',1,4,NULL),(676,4,6,'2018-10-12','',2,5,NULL),(677,4,4,'2018-10-12','',3,3,NULL),(678,4,3,'2018-10-12','Домашнє завдання #41, #26',4,4,NULL),(679,4,3,'2018-10-15','Домашнє завдання #5, #41',1,2,NULL),(680,4,1,'2018-10-15','Домашнє завдання #90, #51',2,5,NULL),(681,4,8,'2018-10-15','',3,4,NULL),(682,4,10,'2018-10-15','Домашнє завдання #46, #62',4,5,NULL),(683,4,1,'2018-10-15','',5,4,NULL),(684,4,10,'2018-10-16','Домашнє завдання #25, #86',1,2,NULL),(685,4,8,'2018-10-16','Домашнє завдання #37, #66',2,3,NULL),(686,4,9,'2018-10-16','Домашнє завдання #5, #86',3,3,NULL),(687,4,5,'2018-10-16','Домашнє завдання #14, #47',4,5,NULL),(688,4,7,'2018-10-16','',5,5,NULL),(689,4,5,'2018-10-16','',6,4,NULL),(690,4,5,'2018-10-17','Домашнє завдання #52, #75',1,3,NULL),(691,4,7,'2018-10-17','Домашнє завдання #90, #4',2,3,NULL),(692,4,8,'2018-10-17','Домашнє завдання #48, #2',3,3,NULL),(693,4,10,'2018-10-17','Домашнє завдання #13, #3',4,2,NULL),(694,4,1,'2018-10-17','',5,4,NULL),(695,4,9,'2018-10-18','',1,5,NULL),(696,4,8,'2018-10-18','',2,5,NULL),(697,4,10,'2018-10-18','',3,4,NULL),(698,4,3,'2018-10-18','',4,3,NULL),(699,4,7,'2018-10-18','',5,2,NULL),(700,4,3,'2018-10-19','',1,5,NULL),(701,4,6,'2018-10-19','',2,5,NULL),(702,4,4,'2018-10-19','Домашнє завдання #66, #52',3,5,NULL),(703,4,3,'2018-10-19','',4,5,NULL),(704,4,3,'2018-10-22','Домашнє завдання #47, #27',1,3,NULL),(705,4,1,'2018-10-22','Домашнє завдання #12, #33',2,3,NULL),(706,4,8,'2018-10-22','',3,4,NULL),(707,4,10,'2018-10-22','',4,3,NULL),(708,4,1,'2018-10-22','',5,2,NULL),(709,4,10,'2018-10-23','',1,4,NULL),(710,4,8,'2018-10-23','Домашнє завдання #1, #78',2,3,NULL),(711,4,9,'2018-10-23','Домашнє завдання #25, #81',3,3,NULL),(712,4,5,'2018-10-23','',4,4,NULL),(713,4,7,'2018-10-23','Домашнє завдання #41, #44',5,4,NULL),(714,4,5,'2018-10-23','',6,4,NULL),(715,4,5,'2018-10-24','',1,5,NULL),(716,4,7,'2018-10-24','Домашнє завдання #77, #80',2,2,NULL),(717,4,8,'2018-10-24','',3,2,NULL),(718,4,10,'2018-10-24','',4,3,NULL),(719,4,1,'2018-10-24','Домашнє завдання #69, #26',5,3,NULL),(720,4,9,'2018-10-25','Домашнє завдання #0, #61',1,2,NULL),(721,4,8,'2018-10-25','Домашнє завдання #39, #8',2,4,NULL),(722,4,10,'2018-10-25','',3,5,NULL),(723,4,3,'2018-10-25','',4,2,NULL),(724,4,7,'2018-10-25','',5,5,NULL),(725,4,3,'2018-10-26','',1,2,NULL),(726,4,6,'2018-10-26','Домашнє завдання #5, #87',2,2,NULL),(727,4,4,'2018-10-26','Домашнє завдання #4, #68',3,3,NULL),(728,4,3,'2018-10-26','Домашнє завдання #32, #11',4,4,NULL),(729,4,3,'2018-10-29','',1,4,NULL),(730,4,1,'2018-10-29','Домашнє завдання #70, #41',2,2,NULL),(731,4,8,'2018-10-29','',3,2,NULL),(732,4,10,'2018-10-29','Домашнє завдання #26, #58',4,5,NULL),(733,4,1,'2018-10-29','',5,5,NULL),(734,4,10,'2018-10-30','',1,5,NULL),(735,4,8,'2018-10-30','Домашнє завдання #37, #55',2,2,NULL),(736,4,9,'2018-10-30','',3,2,NULL),(737,4,5,'2018-10-30','',4,2,NULL),(738,4,7,'2018-10-30','Домашнє завдання #73, #2',5,3,NULL),(739,4,5,'2018-10-30','Домашнє завдання #19, #5',6,2,NULL),(740,4,5,'2018-10-31','Домашнє завдання #32, #6',1,2,NULL),(741,4,7,'2018-10-31','Домашнє завдання #22, #58',2,5,NULL),(742,4,8,'2018-10-31','Домашнє завдання #68, #14',3,5,NULL),(743,4,10,'2018-10-31','',4,5,NULL),(744,4,1,'2018-10-31','',5,3,NULL),(745,4,9,'2018-11-01','Домашнє завдання #85, #87',1,2,NULL),(746,4,8,'2018-11-01','',2,2,NULL),(747,4,10,'2018-11-01','',3,3,NULL),(748,4,3,'2018-11-01','',4,4,NULL),(749,4,7,'2018-11-01','Домашнє завдання #52, #68',5,4,NULL),(750,4,3,'2018-11-02','Домашнє завдання #67, #33',1,5,NULL),(751,4,6,'2018-11-02','Домашнє завдання #28, #42',2,4,NULL),(752,4,4,'2018-11-02','',3,5,NULL),(753,4,3,'2018-11-02','Домашнє завдання #99, #6',4,4,NULL),(754,4,3,'2018-11-05','',1,2,NULL),(755,4,1,'2018-11-05','Домашнє завдання #86, #56',2,5,NULL),(756,4,8,'2018-11-05','',3,3,NULL),(757,4,10,'2018-11-05','',4,4,NULL),(758,4,1,'2018-11-05','Домашнє завдання #81, #25',5,4,NULL),(759,4,10,'2018-11-06','Домашнє завдання #78, #76',1,5,NULL),(760,4,8,'2018-11-06','Домашнє завдання #22, #30',2,2,NULL),(761,4,9,'2018-11-06','',3,3,NULL),(762,4,5,'2018-11-06','Домашнє завдання #83, #82',4,5,NULL),(763,4,7,'2018-11-06','',5,4,NULL),(764,4,5,'2018-11-06','',6,5,NULL),(765,4,5,'2018-11-07','Домашнє завдання #70, #72',1,5,NULL),(766,4,7,'2018-11-07','Домашнє завдання #12, #51',2,3,NULL),(767,4,8,'2018-11-07','Домашнє завдання #85, #46',3,5,NULL),(768,4,10,'2018-11-07','Домашнє завдання #76, #96',4,3,NULL),(769,4,1,'2018-11-07','',5,3,NULL),(770,4,9,'2018-11-08','Домашнє завдання #13, #82',1,2,NULL),(771,4,8,'2018-11-08','',2,5,NULL),(772,4,10,'2018-11-08','Домашнє завдання #16, #4',3,4,NULL),(773,4,3,'2018-11-08','Домашнє завдання #24, #2',4,4,NULL),(774,4,7,'2018-11-08','Домашнє завдання #71, #58',5,2,NULL),(775,4,3,'2018-11-09','Домашнє завдання #45, #57',1,5,NULL),(776,4,6,'2018-11-09','',2,5,NULL),(777,4,4,'2018-11-09','Домашнє завдання #87, #47',3,2,NULL),(778,4,3,'2018-11-09','',4,5,NULL),(779,4,3,'2018-11-12','Домашнє завдання #32, #70',1,3,NULL),(780,4,1,'2018-11-12','',2,5,NULL),(781,4,8,'2018-11-12','Домашнє завдання #50, #88',3,2,NULL),(782,4,10,'2018-11-12','Домашнє завдання #68, #31',4,2,NULL),(783,4,1,'2018-11-12','',5,4,NULL),(784,4,10,'2018-11-13','',1,5,NULL),(785,4,8,'2018-11-13','Домашнє завдання #12, #97',2,5,NULL),(786,4,9,'2018-11-13','Домашнє завдання #68, #73',3,2,NULL),(787,4,5,'2018-11-13','Домашнє завдання #63, #10',4,4,NULL),(788,4,7,'2018-11-13','Домашнє завдання #1, #23',5,4,NULL),(789,4,5,'2018-11-13','',6,2,NULL),(790,4,5,'2018-11-14','Домашнє завдання #24, #37',1,4,NULL),(791,4,7,'2018-11-14','Домашнє завдання #26, #8',2,2,NULL),(792,4,8,'2018-11-14','Домашнє завдання #83, #93',3,5,NULL),(793,4,10,'2018-11-14','',4,3,NULL),(794,4,1,'2018-11-14','',5,5,NULL),(795,4,9,'2018-11-15','',1,3,NULL),(796,4,8,'2018-11-15','',2,2,NULL),(797,4,10,'2018-11-15','Домашнє завдання #80, #94',3,4,NULL),(798,4,3,'2018-11-15','',4,4,NULL),(799,4,7,'2018-11-15','',5,3,NULL),(800,4,3,'2018-11-16','',1,4,NULL),(801,4,6,'2018-11-16','',2,5,NULL),(802,4,4,'2018-11-16','Домашнє завдання #84, #91',3,3,NULL),(803,4,3,'2018-11-16','',4,3,NULL),(804,4,3,'2018-11-19','',1,5,NULL),(805,4,1,'2018-11-19','Домашнє завдання #51, #88',2,4,NULL),(806,4,8,'2018-11-19','Домашнє завдання #92, #10',3,5,NULL),(807,4,10,'2018-11-19','',4,3,NULL),(808,4,1,'2018-11-19','',5,4,NULL),(809,4,10,'2018-11-20','',1,2,NULL),(810,4,8,'2018-11-20','',2,5,NULL),(811,4,9,'2018-11-20','',3,5,NULL),(812,4,5,'2018-11-20','',4,3,NULL),(813,4,7,'2018-11-20','',5,4,NULL),(814,4,5,'2018-11-20','',6,4,NULL),(815,4,5,'2018-11-21','Домашнє завдання #64, #75',1,3,NULL),(816,4,7,'2018-11-21','',2,2,NULL),(817,4,8,'2018-11-21','',3,5,NULL),(818,4,10,'2018-11-21','',4,4,NULL),(819,4,1,'2018-11-21','Домашнє завдання #86, #72',5,4,NULL),(820,4,9,'2018-11-22','',1,4,NULL),(821,4,8,'2018-11-22','Домашнє завдання #89, #94',2,2,NULL),(822,4,10,'2018-11-22','',3,5,NULL),(823,4,3,'2018-11-22','',4,3,NULL),(824,4,7,'2018-11-22','',5,4,NULL),(825,4,3,'2018-11-23','Домашнє завдання #58, #67',1,2,NULL),(826,4,6,'2018-11-23','Домашнє завдання #60, #9',2,2,NULL),(827,4,4,'2018-11-23','Домашнє завдання #18, #21',3,4,NULL),(828,4,3,'2018-11-23','',4,2,NULL),(829,2,9,'2018-11-26','Домашнє завдання #26, #88',1,2,NULL),(830,2,10,'2018-11-26','Домашнє завдання #31, #68',2,2,NULL),(831,2,8,'2018-11-26','Домашнє завдання #74, #22',3,2,NULL),(832,2,6,'2018-11-26','',4,4,NULL),(833,2,4,'2018-11-26','Домашнє завдання #67, #82',5,3,NULL),(834,2,2,'2018-11-27','Домашнє завдання #53, #24',1,2,NULL),(835,2,10,'2018-11-27','Домашнє завдання #81, #56',2,3,NULL),(836,2,5,'2018-11-27','',3,4,NULL),(837,2,8,'2018-11-27','',4,3,NULL),(838,2,8,'2018-11-27','',5,3,NULL),(839,2,3,'2018-11-28','Домашнє завдання #37, #86',1,3,NULL),(840,2,6,'2018-11-28','Домашнє завдання #98, #66',2,4,NULL),(841,2,5,'2018-11-28','Домашнє завдання #14, #33',3,2,NULL),(842,2,5,'2018-11-28','Домашнє завдання #81, #61',4,4,NULL),(843,2,2,'2018-11-29','Домашнє завдання #93, #11',1,2,NULL),(844,2,1,'2018-11-29','Домашнє завдання #95, #42',2,3,NULL),(845,2,4,'2018-11-29','',3,4,NULL),(846,2,5,'2018-11-30','',1,4,NULL),(847,2,8,'2018-11-30','Домашнє завдання #31, #35',2,4,NULL),(848,2,3,'2018-11-30','',3,4,NULL),(849,2,1,'2018-11-30','',4,5,NULL),(850,2,9,'2018-12-03','Домашнє завдання #44, #54',1,2,NULL),(851,2,10,'2018-12-03','',2,4,NULL),(852,2,8,'2018-12-03','',3,2,NULL),(853,2,6,'2018-12-03','',4,5,NULL),(854,2,4,'2018-12-03','',5,3,NULL),(855,2,2,'2018-12-04','Домашнє завдання #11, #60',1,2,NULL),(856,2,10,'2018-12-04','Домашнє завдання #5, #22',2,5,NULL),(857,2,5,'2018-12-04','Домашнє завдання #9, #33',3,2,NULL),(858,2,8,'2018-12-04','Домашнє завдання #88, #73',4,2,NULL),(859,2,8,'2018-12-04','Домашнє завдання #99, #67',5,3,NULL),(860,2,3,'2018-12-05','Домашнє завдання #46, #81',1,2,NULL),(861,2,6,'2018-12-05','',2,4,NULL),(862,2,5,'2018-12-05','Домашнє завдання #41, #47',3,3,NULL),(863,2,5,'2018-12-05','Домашнє завдання #53, #96',4,4,NULL),(864,2,2,'2018-12-06','',1,4,NULL),(865,2,1,'2018-12-06','',2,3,NULL),(866,2,4,'2018-12-06','',3,5,NULL),(867,2,5,'2018-12-07','',1,4,NULL),(868,2,8,'2018-12-07','',2,4,NULL),(869,2,3,'2018-12-07','',3,5,NULL),(870,2,1,'2018-12-07','',4,5,NULL),(871,2,9,'2018-12-10','Домашнє завдання #48, #76',1,2,NULL),(872,2,10,'2018-12-10','',2,2,NULL),(873,2,8,'2018-12-10','',3,5,NULL),(874,2,6,'2018-12-10','',4,4,NULL),(875,2,4,'2018-12-10','Домашнє завдання #32, #32',5,2,NULL),(876,2,2,'2018-12-11','Домашнє завдання #77, #3',1,3,NULL),(877,2,10,'2018-12-11','',2,4,NULL),(878,2,5,'2018-12-11','',3,5,NULL),(879,2,8,'2018-12-11','',4,3,NULL),(880,2,8,'2018-12-11','Домашнє завдання #10, #25',5,4,NULL),(881,2,3,'2018-12-12','',1,2,NULL),(882,2,6,'2018-12-12','',2,4,NULL),(883,2,5,'2018-12-12','Домашнє завдання #47, #30',3,2,NULL),(884,2,5,'2018-12-12','',4,4,NULL),(885,2,2,'2018-12-13','',1,5,NULL),(886,2,1,'2018-12-13','',2,3,NULL),(887,2,4,'2018-12-13','',3,4,NULL),(888,2,5,'2018-12-14','',1,4,NULL),(889,2,8,'2018-12-14','',2,3,NULL),(890,2,3,'2018-12-14','Домашнє завдання #86, #96',3,3,NULL),(891,2,1,'2018-12-14','',4,3,NULL),(892,2,9,'2018-12-17','Домашнє завдання #99, #9',1,2,NULL),(893,2,10,'2018-12-17','',2,3,NULL),(894,2,8,'2018-12-17','',3,4,NULL),(895,2,6,'2018-12-17','Домашнє завдання #61, #13',4,5,NULL),(896,2,4,'2018-12-17','Домашнє завдання #93, #10',5,4,NULL),(897,2,2,'2018-12-18','Домашнє завдання #89, #70',1,5,NULL),(898,2,10,'2018-12-18','',2,3,NULL),(899,2,5,'2018-12-18','Домашнє завдання #38, #72',3,5,NULL),(900,2,8,'2018-12-18','',4,5,NULL),(901,2,8,'2018-12-18','',5,4,NULL),(902,2,3,'2018-12-19','',1,3,NULL),(903,2,6,'2018-12-19','Домашнє завдання #58, #61',2,3,NULL),(904,2,5,'2018-12-19','',3,5,NULL),(905,2,5,'2018-12-19','',4,5,NULL),(906,2,2,'2018-12-20','',1,2,NULL),(907,2,1,'2018-12-20','',2,5,NULL),(908,2,4,'2018-12-20','Домашнє завдання #31, #91',3,4,NULL),(909,2,5,'2018-12-21','',1,5,NULL),(910,2,8,'2018-12-21','',2,3,NULL),(911,2,3,'2018-12-21','Домашнє завдання #47, #82',3,2,NULL),(912,2,1,'2018-12-21','Домашнє завдання #81, #52',4,3,NULL),(913,2,9,'2018-12-24','',1,5,NULL),(914,2,10,'2018-12-24','Домашнє завдання #49, #13',2,4,NULL),(915,2,8,'2018-12-24','Домашнє завдання #45, #11',3,3,NULL),(916,2,6,'2018-12-24','Домашнє завдання #18, #15',4,3,NULL),(917,2,4,'2018-12-24','',5,3,NULL),(918,2,2,'2018-12-25','Домашнє завдання #80, #66',1,3,NULL),(919,2,10,'2018-12-25','',2,3,NULL),(920,2,5,'2018-12-25','',3,3,NULL),(921,2,8,'2018-12-25','',4,3,NULL),(922,2,8,'2018-12-25','Домашнє завдання #59, #20',5,4,NULL),(923,2,3,'2018-12-26','',1,3,NULL),(924,2,6,'2018-12-26','Домашнє завдання #35, #64',2,3,NULL),(925,2,5,'2018-12-26','Домашнє завдання #2, #67',3,4,NULL),(926,2,5,'2018-12-26','',4,4,NULL),(927,2,2,'2018-12-27','',1,2,NULL),(928,2,1,'2018-12-27','',2,2,NULL),(929,2,4,'2018-12-27','',3,4,NULL),(930,2,5,'2018-12-28','Домашнє завдання #42, #26',1,3,NULL),(931,2,8,'2018-12-28','Домашнє завдання #44, #49',2,4,NULL),(932,2,3,'2018-12-28','',3,5,NULL),(933,2,1,'2018-12-28','Домашнє завдання #2, #88',4,3,NULL),(934,3,9,'2018-11-26','Домашнє завдання #0, #31',1,4,NULL),(935,3,8,'2018-11-26','Домашнє завдання #58, #10',2,5,NULL),(936,3,4,'2018-11-26','',3,2,NULL),(937,3,5,'2018-11-26','Домашнє завдання #86, #65',4,5,NULL),(938,3,5,'2018-11-26','Домашнє завдання #93, #54',5,2,NULL),(939,3,7,'2018-11-27','',1,4,NULL),(940,3,9,'2018-11-27','',2,4,NULL),(941,3,9,'2018-11-27','Домашнє завдання #91, #34',3,5,NULL),(942,3,10,'2018-11-27','Домашнє завдання #18, #79',4,5,NULL),(943,3,8,'2018-11-28','Домашнє завдання #53, #96',1,3,NULL),(944,3,4,'2018-11-28','',2,5,NULL),(945,3,3,'2018-11-28','Домашнє завдання #78, #32',3,2,NULL),(946,3,3,'2018-11-29','Домашнє завдання #72, #50',1,2,NULL),(947,3,3,'2018-11-29','Домашнє завдання #49, #51',2,4,NULL),(948,3,7,'2018-11-29','Домашнє завдання #28, #44',3,2,NULL),(949,3,10,'2018-11-29','',4,4,NULL),(950,3,7,'2018-11-29','Домашнє завдання #58, #7',5,5,NULL),(951,3,1,'2018-11-30','Домашнє завдання #61, #41',1,5,NULL),(952,3,10,'2018-11-30','Домашнє завдання #29, #64',2,5,NULL),(953,3,5,'2018-11-30','',3,4,NULL),(954,3,10,'2018-11-30','Домашнє завдання #90, #91',4,5,NULL),(955,3,9,'2018-11-30','Домашнє завдання #32, #34',5,4,NULL),(956,3,4,'2018-11-30','Домашнє завдання #20, #28',6,4,NULL),(957,3,9,'2018-12-03','',1,3,NULL),(958,3,8,'2018-12-03','Домашнє завдання #58, #58',2,2,NULL),(959,3,4,'2018-12-03','',3,2,NULL),(960,3,5,'2018-12-03','Домашнє завдання #57, #65',4,4,NULL),(961,3,5,'2018-12-03','Домашнє завдання #47, #47',5,2,NULL),(962,3,7,'2018-12-04','',1,4,NULL),(963,3,9,'2018-12-04','',2,4,NULL),(964,3,9,'2018-12-04','',3,2,NULL),(965,3,10,'2018-12-04','',4,2,NULL),(966,3,8,'2018-12-05','',1,3,NULL),(967,3,4,'2018-12-05','',2,4,NULL),(968,3,3,'2018-12-05','',3,5,NULL),(969,3,3,'2018-12-06','',1,4,NULL),(970,3,3,'2018-12-06','Домашнє завдання #69, #27',2,4,NULL),(971,3,7,'2018-12-06','',3,3,NULL),(972,3,10,'2018-12-06','Домашнє завдання #44, #0',4,2,NULL),(973,3,7,'2018-12-06','',5,2,NULL),(974,3,1,'2018-12-07','',1,5,NULL),(975,3,10,'2018-12-07','',2,4,NULL),(976,3,5,'2018-12-07','',3,2,NULL),(977,3,10,'2018-12-07','Домашнє завдання #40, #19',4,3,NULL),(978,3,9,'2018-12-07','Домашнє завдання #37, #18',5,2,NULL),(979,3,4,'2018-12-07','',6,2,NULL),(980,3,9,'2018-12-10','Домашнє завдання #10, #20',1,3,NULL),(981,3,8,'2018-12-10','Домашнє завдання #69, #41',2,2,NULL),(982,3,4,'2018-12-10','',3,4,NULL),(983,3,5,'2018-12-10','',4,2,NULL),(984,3,5,'2018-12-10','Домашнє завдання #1, #5',5,2,NULL),(985,3,7,'2018-12-11','',1,3,NULL),(986,3,9,'2018-12-11','Домашнє завдання #73, #70',2,4,NULL),(987,3,9,'2018-12-11','',3,5,NULL),(988,3,10,'2018-12-11','',4,2,NULL),(989,3,8,'2018-12-12','',1,5,NULL),(990,3,4,'2018-12-12','Домашнє завдання #52, #51',2,2,NULL),(991,3,3,'2018-12-12','Домашнє завдання #55, #93',3,3,NULL),(992,3,3,'2018-12-13','Домашнє завдання #55, #45',1,3,NULL),(993,3,3,'2018-12-13','',2,4,NULL),(994,3,7,'2018-12-13','',3,5,NULL),(995,3,10,'2018-12-13','Домашнє завдання #2, #70',4,2,NULL),(996,3,7,'2018-12-13','',5,4,NULL),(997,3,1,'2018-12-14','',1,3,NULL),(998,3,10,'2018-12-14','',2,4,NULL),(999,3,5,'2018-12-14','',3,2,NULL),(1000,3,10,'2018-12-14','Домашнє завдання #51, #68',4,4,NULL),(1001,3,9,'2018-12-14','Домашнє завдання #15, #95',5,4,NULL),(1002,3,4,'2018-12-14','Домашнє завдання #60, #26',6,4,NULL),(1003,3,9,'2018-12-17','Домашнє завдання #54, #84',1,4,NULL),(1004,3,8,'2018-12-17','',2,3,NULL),(1005,3,4,'2018-12-17','Домашнє завдання #98, #12',3,2,NULL),(1006,3,5,'2018-12-17','',4,5,NULL),(1007,3,5,'2018-12-17','Домашнє завдання #49, #74',5,3,NULL),(1008,3,7,'2018-12-18','',1,5,NULL),(1009,3,9,'2018-12-18','Домашнє завдання #42, #79',2,5,NULL),(1010,3,9,'2018-12-18','',3,2,NULL),(1011,3,10,'2018-12-18','Домашнє завдання #61, #56',4,3,NULL),(1012,3,8,'2018-12-19','Домашнє завдання #55, #99',1,5,NULL),(1013,3,4,'2018-12-19','',2,5,NULL),(1014,3,3,'2018-12-19','Домашнє завдання #82, #19',3,5,NULL),(1015,3,3,'2018-12-20','Домашнє завдання #38, #86',1,2,NULL),(1016,3,3,'2018-12-20','',2,4,NULL),(1017,3,7,'2018-12-20','',3,2,NULL),(1018,3,10,'2018-12-20','',4,2,NULL),(1019,3,7,'2018-12-20','Домашнє завдання #33, #75',5,2,NULL),(1020,3,1,'2018-12-21','Домашнє завдання #47, #67',1,4,NULL),(1021,3,10,'2018-12-21','',2,4,NULL),(1022,3,5,'2018-12-21','Домашнє завдання #91, #25',3,2,NULL),(1023,3,10,'2018-12-21','Домашнє завдання #30, #22',4,2,NULL),(1024,3,9,'2018-12-21','',5,2,NULL),(1025,3,4,'2018-12-21','Домашнє завдання #5, #38',6,4,NULL),(1026,3,9,'2018-12-24','',1,4,NULL),(1027,3,8,'2018-12-24','',2,4,NULL),(1028,3,4,'2018-12-24','',3,2,NULL),(1029,3,5,'2018-12-24','Домашнє завдання #31, #29',4,2,NULL),(1030,3,5,'2018-12-24','',5,4,NULL),(1031,3,7,'2018-12-25','',1,3,NULL),(1032,3,9,'2018-12-25','Домашнє завдання #4, #16',2,5,NULL),(1033,3,9,'2018-12-25','Домашнє завдання #41, #34',3,4,NULL),(1034,3,10,'2018-12-25','',4,3,NULL),(1035,3,8,'2018-12-26','',1,5,NULL),(1036,3,4,'2018-12-26','Домашнє завдання #9, #52',2,5,NULL),(1037,3,3,'2018-12-26','',3,3,NULL),(1038,3,3,'2018-12-27','',1,3,NULL),(1039,3,3,'2018-12-27','',2,2,NULL),(1040,3,7,'2018-12-27','Домашнє завдання #20, #9',3,2,NULL),(1041,3,10,'2018-12-27','',4,4,NULL),(1042,3,7,'2018-12-27','',5,3,NULL),(1043,3,1,'2018-12-28','Домашнє завдання #11, #50',1,3,NULL),(1044,3,10,'2018-12-28','Домашнє завдання #97, #61',2,5,NULL),(1045,3,5,'2018-12-28','',3,5,NULL),(1046,3,10,'2018-12-28','Домашнє завдання #34, #91',4,3,NULL),(1047,3,9,'2018-12-28','Домашнє завдання #7, #2',5,3,NULL),(1048,3,4,'2018-12-28','',6,3,NULL),(1049,4,3,'2018-11-26','',1,3,NULL),(1050,4,1,'2018-11-26','',2,4,NULL),(1051,4,8,'2018-11-26','',3,3,NULL),(1052,4,10,'2018-11-26','Домашнє завдання #70, #50',4,4,NULL),(1053,4,1,'2018-11-26','',5,2,NULL),(1054,4,10,'2018-11-27','',1,2,NULL),(1055,4,8,'2018-11-27','',2,5,NULL),(1056,4,9,'2018-11-27','',3,5,NULL),(1057,4,5,'2018-11-27','',4,5,NULL),(1058,4,7,'2018-11-27','Домашнє завдання #29, #10',5,3,NULL),(1059,4,5,'2018-11-27','Домашнє завдання #87, #33',6,5,NULL),(1060,4,5,'2018-11-28','Домашнє завдання #17, #91',1,5,NULL),(1061,4,7,'2018-11-28','Домашнє завдання #96, #65',2,4,NULL),(1062,4,8,'2018-11-28','Домашнє завдання #15, #6',3,4,NULL),(1063,4,10,'2018-11-28','',4,2,NULL),(1064,4,1,'2018-11-28','',5,4,NULL),(1065,4,9,'2018-11-29','Домашнє завдання #64, #83',1,5,NULL),(1066,4,8,'2018-11-29','Домашнє завдання #92, #60',2,3,NULL),(1067,4,10,'2018-11-29','',3,5,NULL),(1068,4,3,'2018-11-29','Домашнє завдання #11, #76',4,4,NULL),(1069,4,7,'2018-11-29','',5,3,NULL),(1070,4,3,'2018-11-30','',1,4,NULL),(1071,4,6,'2018-11-30','Домашнє завдання #62, #88',2,3,NULL),(1072,4,4,'2018-11-30','',3,3,NULL),(1073,4,3,'2018-11-30','Домашнє завдання #6, #76',4,3,NULL),(1074,4,3,'2018-12-03','',1,3,NULL),(1075,4,1,'2018-12-03','Домашнє завдання #27, #40',2,3,NULL),(1076,4,8,'2018-12-03','',3,2,NULL),(1077,4,10,'2018-12-03','',4,2,NULL),(1078,4,1,'2018-12-03','Домашнє завдання #56, #78',5,5,NULL),(1079,4,10,'2018-12-04','',1,2,NULL),(1080,4,8,'2018-12-04','Домашнє завдання #82, #30',2,3,NULL),(1081,4,9,'2018-12-04','Домашнє завдання #6, #68',3,2,NULL),(1082,4,5,'2018-12-04','',4,2,NULL),(1083,4,7,'2018-12-04','Домашнє завдання #74, #92',5,2,NULL),(1084,4,5,'2018-12-04','',6,4,NULL),(1085,4,5,'2018-12-05','',1,4,NULL),(1086,4,7,'2018-12-05','Домашнє завдання #84, #69',2,2,NULL),(1087,4,8,'2018-12-05','Домашнє завдання #72, #13',3,4,NULL),(1088,4,10,'2018-12-05','',4,4,NULL),(1089,4,1,'2018-12-05','',5,5,NULL),(1090,4,9,'2018-12-06','Домашнє завдання #8, #18',1,5,NULL),(1091,4,8,'2018-12-06','',2,4,NULL),(1092,4,10,'2018-12-06','Домашнє завдання #42, #50',3,5,NULL),(1093,4,3,'2018-12-06','Домашнє завдання #56, #38',4,2,NULL),(1094,4,7,'2018-12-06','Домашнє завдання #59, #74',5,2,NULL),(1095,4,3,'2018-12-07','',1,5,NULL),(1096,4,6,'2018-12-07','',2,3,NULL),(1097,4,4,'2018-12-07','',3,3,NULL),(1098,4,3,'2018-12-07','Домашнє завдання #55, #9',4,5,NULL),(1099,4,3,'2018-12-10','Домашнє завдання #50, #5',1,2,NULL),(1100,4,1,'2018-12-10','Домашнє завдання #61, #17',2,3,NULL),(1101,4,8,'2018-12-10','',3,3,NULL),(1102,4,10,'2018-12-10','Домашнє завдання #11, #34',4,2,NULL),(1103,4,1,'2018-12-10','Домашнє завдання #51, #1',5,2,NULL),(1104,4,10,'2018-12-11','',1,2,NULL),(1105,4,8,'2018-12-11','',2,4,NULL),(1106,4,9,'2018-12-11','',3,5,NULL),(1107,4,5,'2018-12-11','Домашнє завдання #77, #50',4,2,NULL),(1108,4,7,'2018-12-11','',5,3,NULL),(1109,4,5,'2018-12-11','',6,4,NULL),(1110,4,5,'2018-12-12','Домашнє завдання #53, #32',1,4,NULL),(1111,4,7,'2018-12-12','',2,2,NULL),(1112,4,8,'2018-12-12','Домашнє завдання #91, #67',3,4,NULL),(1113,4,10,'2018-12-12','',4,3,NULL),(1114,4,1,'2018-12-12','',5,2,NULL),(1115,4,9,'2018-12-13','',1,4,NULL),(1116,4,8,'2018-12-13','',2,5,NULL),(1117,4,10,'2018-12-13','Домашнє завдання #67, #99',3,4,NULL),(1118,4,3,'2018-12-13','',4,4,NULL),(1119,4,7,'2018-12-13','Домашнє завдання #92, #12',5,5,NULL),(1120,4,3,'2018-12-14','',1,5,NULL),(1121,4,6,'2018-12-14','',2,5,NULL),(1122,4,4,'2018-12-14','',3,3,NULL),(1123,4,3,'2018-12-14','',4,3,NULL),(1124,4,3,'2018-12-17','Домашнє завдання #41, #84',1,4,NULL),(1125,4,1,'2018-12-17','Домашнє завдання #98, #20',2,4,NULL),(1126,4,8,'2018-12-17','',3,2,NULL),(1127,4,10,'2018-12-17','',4,5,NULL),(1128,4,1,'2018-12-17','',5,5,NULL),(1129,4,10,'2018-12-18','',1,5,NULL),(1130,4,8,'2018-12-18','Домашнє завдання #57, #78',2,2,NULL),(1131,4,9,'2018-12-18','',3,2,NULL),(1132,4,5,'2018-12-18','Домашнє завдання #22, #77',4,3,NULL),(1133,4,7,'2018-12-18','Домашнє завдання #0, #19',5,2,NULL),(1134,4,5,'2018-12-18','',6,3,NULL),(1135,4,5,'2018-12-19','Домашнє завдання #59, #97',1,2,NULL),(1136,4,7,'2018-12-19','',2,4,NULL),(1137,4,8,'2018-12-19','Домашнє завдання #13, #99',3,3,NULL),(1138,4,10,'2018-12-19','Домашнє завдання #10, #95',4,3,NULL),(1139,4,1,'2018-12-19','Домашнє завдання #9, #23',5,2,NULL),(1140,4,9,'2018-12-20','',1,3,NULL),(1141,4,8,'2018-12-20','',2,5,NULL),(1142,4,10,'2018-12-20','Домашнє завдання #5, #26',3,2,NULL),(1143,4,3,'2018-12-20','',4,2,NULL),(1144,4,7,'2018-12-20','Домашнє завдання #34, #99',5,3,NULL),(1145,4,3,'2018-12-21','Домашнє завдання #41, #56',1,3,NULL),(1146,4,6,'2018-12-21','Домашнє завдання #47, #19',2,3,NULL),(1147,4,4,'2018-12-21','Домашнє завдання #98, #65',3,4,NULL),(1148,4,3,'2018-12-21','Домашнє завдання #24, #52',4,3,NULL),(1149,4,3,'2018-12-24','',1,5,NULL),(1150,4,1,'2018-12-24','',2,2,NULL),(1151,4,8,'2018-12-24','Домашнє завдання #16, #93',3,5,NULL),(1152,4,10,'2018-12-24','',4,5,NULL),(1153,4,1,'2018-12-24','Домашнє завдання #27, #93',5,3,NULL),(1154,4,10,'2018-12-25','',1,2,NULL),(1155,4,8,'2018-12-25','Домашнє завдання #84, #28',2,2,NULL),(1156,4,9,'2018-12-25','',3,2,NULL),(1157,4,5,'2018-12-25','Домашнє завдання #42, #89',4,5,NULL),(1158,4,7,'2018-12-25','Домашнє завдання #33, #59',5,4,NULL),(1159,4,5,'2018-12-25','',6,3,NULL),(1160,4,5,'2018-12-26','Домашнє завдання #37, #52',1,4,NULL),(1161,4,7,'2018-12-26','',2,4,NULL),(1162,4,8,'2018-12-26','Домашнє завдання #14, #77',3,2,NULL),(1163,4,10,'2018-12-26','Домашнє завдання #97, #5',4,4,NULL),(1164,4,1,'2018-12-26','Домашнє завдання #64, #70',5,5,NULL),(1165,4,9,'2018-12-27','',1,4,NULL),(1166,4,8,'2018-12-27','',2,2,NULL),(1167,4,10,'2018-12-27','Домашнє завдання #84, #14',3,4,NULL),(1168,4,3,'2018-12-27','',4,3,NULL),(1169,4,7,'2018-12-27','Домашнє завдання #91, #79',5,2,NULL),(1170,4,3,'2018-12-28','Домашнє завдання #27, #93',1,2,NULL),(1171,4,6,'2018-12-28','',2,3,NULL),(1172,4,4,'2018-12-28','Домашнє завдання #17, #28',3,2,NULL),(1173,4,3,'2018-12-28','Домашнє завдання #11, #31',4,3,NULL),(1174,1,9,'2017-09-01','Домашнє завдання #20, #68',1,5,NULL),(1175,1,10,'2017-09-01','',2,5,NULL),(1176,1,8,'2017-09-01','',3,2,NULL),(1177,1,4,'2017-09-02','',1,2,NULL),(1178,1,2,'2017-09-02','',2,2,NULL),(1179,1,2,'2017-09-02','Домашнє завдання #8, #15',3,5,NULL),(1180,1,5,'2017-09-03','',1,5,NULL),(1181,1,8,'2017-09-03','',2,4,NULL),(1182,1,8,'2017-09-03','',3,5,NULL),(1183,1,3,'2017-09-04','',1,4,NULL),(1184,1,6,'2017-09-04','',2,4,NULL),(1185,1,5,'2017-09-04','',3,5,NULL),(1186,1,6,'2017-09-05','',1,5,NULL),(1187,1,2,'2017-09-05','',2,4,NULL),(1188,1,1,'2017-09-05','',3,3,NULL),(1189,1,9,'2017-09-08','',1,3,NULL),(1190,1,10,'2017-09-08','',2,3,NULL),(1191,1,8,'2017-09-08','Домашнє завдання #91, #50',3,2,NULL),(1192,1,4,'2017-09-09','',1,4,NULL),(1193,1,2,'2017-09-09','',2,4,NULL),(1194,1,2,'2017-09-09','',3,3,NULL),(1195,1,5,'2017-09-10','',1,3,NULL),(1196,1,8,'2017-09-10','Домашнє завдання #69, #48',2,5,NULL),(1197,1,8,'2017-09-10','',3,2,NULL),(1198,1,3,'2017-09-11','',1,4,NULL),(1199,1,6,'2017-09-11','',2,2,NULL),(1200,1,5,'2017-09-11','',3,3,NULL),(1201,1,6,'2017-09-12','',1,5,NULL),(1202,1,2,'2017-09-12','',2,3,NULL),(1203,1,1,'2017-09-12','Домашнє завдання #71, #16',3,4,NULL),(1204,1,9,'2017-09-15','',1,5,NULL),(1205,1,10,'2017-09-15','',2,3,NULL),(1206,1,8,'2017-09-15','',3,3,NULL),(1207,1,4,'2017-09-16','',1,4,NULL),(1208,1,2,'2017-09-16','',2,4,NULL),(1209,1,2,'2017-09-16','',3,5,NULL),(1210,1,5,'2017-09-17','',1,4,NULL),(1211,1,8,'2017-09-17','',2,5,NULL),(1212,1,8,'2017-09-17','',3,3,NULL),(1213,1,3,'2017-09-18','',1,5,NULL),(1214,1,6,'2017-09-18','',2,3,NULL),(1215,1,5,'2017-09-18','',3,4,NULL),(1216,1,6,'2017-09-19','Домашнє завдання #15, #22',1,3,NULL),(1217,1,2,'2017-09-19','',2,4,NULL),(1218,1,1,'2017-09-19','',3,2,NULL),(1219,1,9,'2017-09-22','',1,4,NULL),(1220,1,10,'2017-09-22','Домашнє завдання #92, #73',2,4,NULL),(1221,1,8,'2017-09-22','',3,3,NULL),(1222,1,4,'2017-09-23','',1,5,NULL),(1223,1,2,'2017-09-23','Домашнє завдання #66, #72',2,3,NULL),(1224,1,2,'2017-09-23','',3,4,NULL),(1225,1,5,'2017-09-24','',1,4,NULL),(1226,1,8,'2017-09-24','Домашнє завдання #93, #4',2,5,NULL),(1227,1,8,'2017-09-24','',3,5,NULL),(1228,1,3,'2017-09-25','',1,5,NULL),(1229,1,6,'2017-09-25','',2,2,NULL),(1230,1,5,'2017-09-25','',3,4,NULL),(1231,1,6,'2017-09-26','',1,5,NULL),(1232,1,2,'2017-09-26','',2,4,NULL),(1233,1,1,'2017-09-26','Домашнє завдання #93, #21',3,3,NULL),(1234,1,9,'2017-09-29','',1,3,NULL),(1235,1,10,'2017-09-29','Домашнє завдання #6, #15',2,2,NULL),(1236,1,8,'2017-09-29','Домашнє завдання #21, #82',3,5,NULL),(1237,1,4,'2017-09-30','Домашнє завдання #40, #65',1,2,NULL),(1238,1,2,'2017-09-30','',2,3,NULL),(1239,1,2,'2017-09-30','',3,3,NULL),(1240,1,5,'2017-10-01','',1,5,NULL),(1241,1,8,'2017-10-01','',2,4,NULL),(1242,1,8,'2017-10-01','',3,3,NULL),(1243,1,3,'2017-10-02','',1,2,NULL),(1244,1,6,'2017-10-02','',2,4,NULL),(1245,1,5,'2017-10-02','',3,2,NULL),(1246,1,6,'2017-10-03','',1,3,NULL),(1247,1,2,'2017-10-03','',2,4,NULL),(1248,1,1,'2017-10-03','Домашнє завдання #4, #62',3,3,NULL),(1249,1,9,'2017-10-06','',1,3,NULL),(1250,1,10,'2017-10-06','',2,5,NULL),(1251,1,8,'2017-10-06','',3,4,NULL),(1252,1,4,'2017-10-07','',1,5,NULL),(1253,1,2,'2017-10-07','',2,3,NULL),(1254,1,2,'2017-10-07','Домашнє завдання #76, #48',3,2,NULL),(1255,1,5,'2017-10-08','',1,2,NULL),(1256,1,8,'2017-10-08','Домашнє завдання #9, #26',2,5,NULL),(1257,1,8,'2017-10-08','',3,2,NULL),(1258,1,3,'2017-10-09','Домашнє завдання #45, #19',1,5,NULL),(1259,1,6,'2017-10-09','',2,3,NULL),(1260,1,5,'2017-10-09','',3,5,NULL),(1261,1,6,'2017-10-10','',1,3,NULL),(1262,1,2,'2017-10-10','',2,4,NULL),(1263,1,1,'2017-10-10','Домашнє завдання #26, #44',3,5,NULL),(1264,1,9,'2017-10-13','Домашнє завдання #4, #22',1,3,NULL),(1265,1,10,'2017-10-13','',2,5,NULL),(1266,1,8,'2017-10-13','',3,5,NULL),(1267,1,4,'2017-10-14','',1,4,NULL),(1268,1,2,'2017-10-14','',2,5,NULL),(1269,1,2,'2017-10-14','',3,2,NULL),(1270,1,5,'2017-10-15','',1,3,NULL),(1271,1,8,'2017-10-15','',2,4,NULL),(1272,1,8,'2017-10-15','',3,4,NULL),(1273,1,3,'2017-10-16','',1,2,NULL),(1274,1,6,'2017-10-16','',2,4,NULL),(1275,1,5,'2017-10-16','',3,5,NULL),(1276,1,6,'2017-10-17','',1,3,NULL),(1277,1,2,'2017-10-17','',2,5,NULL),(1278,1,1,'2017-10-17','Домашнє завдання #46, #2',3,3,NULL),(1279,1,9,'2017-10-20','',1,2,NULL),(1280,1,10,'2017-10-20','',2,5,NULL),(1281,1,8,'2017-10-20','',3,3,NULL),(1282,1,4,'2017-10-21','',1,4,NULL),(1283,1,2,'2017-10-21','',2,2,NULL),(1284,1,2,'2017-10-21','',3,3,NULL),(1285,1,5,'2017-10-22','',1,4,NULL),(1286,1,8,'2017-10-22','',2,2,NULL),(1287,1,8,'2017-10-22','Домашнє завдання #59, #17',3,3,NULL),(1288,1,3,'2017-10-23','',1,3,NULL),(1289,1,6,'2017-10-23','',2,5,NULL),(1290,1,5,'2017-10-23','',3,2,NULL),(1291,1,6,'2017-10-24','Домашнє завдання #53, #34',1,5,NULL),(1292,1,2,'2017-10-24','',2,5,NULL),(1293,1,1,'2017-10-24','',3,4,NULL),(1294,1,9,'2017-10-27','',1,3,NULL),(1295,1,10,'2017-10-27','',2,3,NULL),(1296,1,8,'2017-10-27','',3,2,NULL),(1297,1,4,'2017-10-28','',1,3,NULL),(1298,1,2,'2017-10-28','Домашнє завдання #82, #8',2,4,NULL),(1299,1,2,'2017-10-28','',3,4,NULL),(1300,1,5,'2017-10-29','Домашнє завдання #96, #76',1,3,NULL),(1301,1,8,'2017-10-29','',2,2,NULL),(1302,1,8,'2017-10-29','Домашнє завдання #15, #85',3,2,NULL),(1303,1,3,'2017-10-30','',1,2,NULL),(1304,1,6,'2017-10-30','',2,5,NULL),(1305,1,5,'2017-10-30','',3,4,NULL),(1306,1,6,'2017-10-31','',1,3,NULL),(1307,1,2,'2017-10-31','',2,2,NULL),(1308,1,1,'2017-10-31','',3,2,NULL),(1309,1,9,'2017-11-03','',1,2,NULL),(1310,1,10,'2017-11-03','',2,4,NULL),(1311,1,8,'2017-11-03','Домашнє завдання #37, #79',3,2,NULL),(1312,1,4,'2017-11-04','',1,3,NULL),(1313,1,2,'2017-11-04','',2,2,NULL),(1314,1,2,'2017-11-04','Домашнє завдання #91, #20',3,3,NULL),(1315,1,5,'2017-11-05','',1,2,NULL),(1316,1,8,'2017-11-05','',2,2,NULL),(1317,1,8,'2017-11-05','',3,5,NULL),(1318,1,3,'2017-11-06','',1,5,NULL),(1319,1,6,'2017-11-06','',2,2,NULL),(1320,1,5,'2017-11-06','',3,5,NULL),(1321,1,6,'2017-11-07','',1,5,NULL),(1322,1,2,'2017-11-07','',2,4,NULL),(1323,1,1,'2017-11-07','',3,3,NULL),(1324,1,9,'2017-11-10','Домашнє завдання #90, #33',1,2,NULL),(1325,1,10,'2017-11-10','',2,5,NULL),(1326,1,8,'2017-11-10','Домашнє завдання #82, #23',3,5,NULL),(1327,1,4,'2017-11-11','',1,5,NULL),(1328,1,2,'2017-11-11','',2,2,NULL),(1329,1,2,'2017-11-11','Домашнє завдання #3, #80',3,4,NULL),(1330,1,5,'2017-11-12','Домашнє завдання #91, #34',1,3,NULL),(1331,1,8,'2017-11-12','',2,2,NULL),(1332,1,8,'2017-11-12','',3,5,NULL),(1333,1,3,'2017-11-13','',1,3,NULL),(1334,1,6,'2017-11-13','',2,2,NULL),(1335,1,5,'2017-11-13','',3,5,NULL),(1336,1,6,'2017-11-14','',1,3,NULL),(1337,1,2,'2017-11-14','',2,3,NULL),(1338,1,1,'2017-11-14','',3,5,NULL),(1339,1,9,'2017-11-17','',1,3,NULL),(1340,1,10,'2017-11-17','',2,4,NULL),(1341,1,8,'2017-11-17','',3,5,NULL),(1342,1,4,'2017-11-18','',1,4,NULL),(1343,1,2,'2017-11-18','',2,3,NULL),(1344,1,2,'2017-11-18','',3,3,NULL),(1345,1,5,'2017-11-19','Домашнє завдання #23, #62',1,5,NULL),(1346,1,8,'2017-11-19','',2,3,NULL),(1347,1,8,'2017-11-19','',3,5,NULL),(1348,1,3,'2017-11-20','',1,5,NULL),(1349,1,6,'2017-11-20','Домашнє завдання #21, #56',2,4,NULL),(1350,1,5,'2017-11-20','',3,2,NULL),(1351,1,6,'2017-11-21','',1,3,NULL),(1352,1,2,'2017-11-21','',2,5,NULL),(1353,1,1,'2017-11-21','Домашнє завдання #30, #81',3,4,NULL),(1354,1,9,'2017-11-24','',1,4,NULL),(1355,1,10,'2017-11-24','',2,5,NULL),(1356,1,8,'2017-11-24','',3,4,NULL),(1357,1,4,'2017-11-25','',1,5,NULL),(1358,1,2,'2017-11-25','',2,5,NULL),(1359,1,2,'2017-11-25','Домашнє завдання #62, #75',3,2,NULL),(1360,1,5,'2017-11-26','Домашнє завдання #81, #47',1,2,NULL),(1361,1,8,'2017-11-26','',2,2,NULL),(1362,1,8,'2017-11-26','',3,5,NULL),(1363,1,3,'2017-11-27','',1,4,NULL),(1364,1,6,'2017-11-27','',2,5,NULL),(1365,1,5,'2017-11-27','',3,2,NULL),(1366,1,6,'2017-11-28','',1,2,NULL),(1367,1,2,'2017-11-28','',2,5,NULL),(1368,1,1,'2017-11-28','',3,4,NULL),(1369,1,9,'2017-12-01','Домашнє завдання #36, #49',1,3,NULL),(1370,1,10,'2017-12-01','',2,2,NULL),(1371,1,8,'2017-12-01','Домашнє завдання #31, #98',3,2,NULL),(1372,1,4,'2017-12-02','Домашнє завдання #90, #94',1,2,NULL),(1373,1,2,'2017-12-02','',2,5,NULL),(1374,1,2,'2017-12-02','',3,2,NULL),(1375,1,5,'2017-12-03','Домашнє завдання #70, #33',1,3,NULL),(1376,1,8,'2017-12-03','Домашнє завдання #63, #58',2,2,NULL),(1377,1,8,'2017-12-03','Домашнє завдання #54, #96',3,3,NULL),(1378,1,3,'2017-12-04','',1,4,NULL),(1379,1,6,'2017-12-04','Домашнє завдання #20, #25',2,3,NULL),(1380,1,5,'2017-12-04','',3,2,NULL),(1381,1,6,'2017-12-05','',1,4,NULL),(1382,1,2,'2017-12-05','',2,4,NULL),(1383,1,1,'2017-12-05','',3,2,NULL),(1384,1,9,'2017-12-08','',1,2,NULL),(1385,1,10,'2017-12-08','',2,2,NULL),(1386,1,8,'2017-12-08','',3,3,NULL),(1387,1,4,'2017-12-09','',1,3,NULL),(1388,1,2,'2017-12-09','Домашнє завдання #22, #13',2,4,NULL),(1389,1,2,'2017-12-09','',3,3,NULL),(1390,1,5,'2017-12-10','',1,5,NULL),(1391,1,8,'2017-12-10','Домашнє завдання #75, #18',2,2,NULL),(1392,1,8,'2017-12-10','',3,2,NULL),(1393,1,3,'2017-12-11','',1,5,NULL),(1394,1,6,'2017-12-11','',2,3,NULL),(1395,1,5,'2017-12-11','Домашнє завдання #21, #36',3,5,NULL),(1396,1,6,'2017-12-12','Домашнє завдання #87, #54',1,4,NULL),(1397,1,2,'2017-12-12','',2,4,NULL),(1398,1,1,'2017-12-12','',3,5,NULL),(1399,1,9,'2017-12-15','',1,2,NULL),(1400,1,10,'2017-12-15','',2,2,NULL),(1401,1,8,'2017-12-15','',3,2,NULL),(1402,1,4,'2017-12-16','',1,3,NULL),(1403,1,2,'2017-12-16','',2,5,NULL),(1404,1,2,'2017-12-16','',3,4,NULL),(1405,1,5,'2017-12-17','',1,4,NULL),(1406,1,8,'2017-12-17','',2,3,NULL),(1407,1,8,'2017-12-17','',3,4,NULL),(1408,1,3,'2017-12-18','',1,3,NULL),(1409,1,6,'2017-12-18','',2,2,NULL),(1410,1,5,'2017-12-18','',3,5,NULL),(1411,1,6,'2017-12-19','',1,3,NULL),(1412,1,2,'2017-12-19','',2,5,NULL),(1413,1,1,'2017-12-19','',3,5,NULL),(1414,1,9,'2017-12-22','',1,3,NULL),(1415,1,10,'2017-12-22','Домашнє завдання #40, #59',2,5,NULL),(1416,1,8,'2017-12-22','',3,5,NULL),(1417,1,4,'2017-12-23','',1,3,NULL),(1418,1,2,'2017-12-23','',2,4,NULL),(1419,1,2,'2017-12-23','',3,5,NULL),(1420,1,5,'2017-12-24','',1,5,NULL),(1421,1,8,'2017-12-24','',2,2,NULL),(1422,1,8,'2017-12-24','',3,5,NULL),(1423,1,3,'2017-12-25','',1,4,NULL),(1424,1,6,'2017-12-25','',2,3,NULL),(1425,1,5,'2017-12-25','',3,4,NULL),(1426,1,6,'2017-12-26','Домашнє завдання #16, #29',1,3,NULL),(1427,1,2,'2017-12-26','',2,5,NULL),(1428,1,1,'2017-12-26','',3,2,NULL),(1429,1,9,'2017-12-29','',1,5,NULL),(1430,1,10,'2017-12-29','',2,4,NULL),(1431,1,8,'2017-12-29','',3,2,NULL),(1432,1,4,'2017-12-30','Домашнє завдання #33, #96',1,4,NULL),(1433,1,2,'2017-12-30','Домашнє завдання #33, #25',2,4,NULL),(1434,1,2,'2017-12-30','Домашнє завдання #79, #97',3,2,NULL),(1435,1,5,'2017-12-31','Домашнє завдання #41, #12',1,3,NULL),(1436,1,8,'2017-12-31','',2,3,NULL),(1437,1,8,'2017-12-31','Домашнє завдання #91, #16',3,5,NULL),(1438,1,3,'2018-01-01','',1,4,NULL),(1439,1,6,'2018-01-01','',2,5,NULL),(1440,1,5,'2018-01-01','Домашнє завдання #81, #27',3,2,NULL),(1441,1,6,'2018-01-02','',1,4,NULL),(1442,1,2,'2018-01-02','',2,5,NULL),(1443,1,1,'2018-01-02','',3,2,NULL),(1444,1,9,'2018-01-05','',1,2,NULL),(1445,1,10,'2018-01-05','',2,5,NULL),(1446,1,8,'2018-01-05','',3,4,NULL),(1447,1,4,'2018-01-06','',1,4,NULL),(1448,1,2,'2018-01-06','',2,5,NULL),(1449,1,2,'2018-01-06','',3,2,NULL),(1450,1,5,'2018-01-07','Домашнє завдання #50, #70',1,5,NULL),(1451,1,8,'2018-01-07','',2,5,NULL),(1452,1,8,'2018-01-07','',3,2,NULL),(1453,1,3,'2018-01-08','',1,3,NULL),(1454,1,6,'2018-01-08','',2,2,NULL),(1455,1,5,'2018-01-08','',3,2,NULL),(1456,1,6,'2018-01-09','Домашнє завдання #41, #22',1,3,NULL),(1457,1,2,'2018-01-09','',2,4,NULL),(1458,1,1,'2018-01-09','',3,5,NULL),(1459,1,9,'2018-01-12','',1,4,NULL),(1460,1,10,'2018-01-12','',2,4,NULL),(1461,1,8,'2018-01-12','',3,4,NULL),(1462,1,4,'2018-01-13','',1,4,NULL),(1463,1,2,'2018-01-13','',2,3,NULL),(1464,1,2,'2018-01-13','',3,2,NULL),(1465,1,5,'2018-01-14','',1,3,NULL),(1466,1,8,'2018-01-14','',2,4,NULL),(1467,1,8,'2018-01-14','',3,2,NULL),(1468,1,3,'2018-01-15','',1,5,NULL),(1469,1,6,'2018-01-15','Домашнє завдання #68, #61',2,4,NULL),(1470,1,5,'2018-01-15','Домашнє завдання #25, #82',3,3,NULL),(1471,1,6,'2018-01-16','',1,4,NULL),(1472,1,2,'2018-01-16','',2,4,NULL),(1473,1,1,'2018-01-16','Домашнє завдання #20, #92',3,2,NULL),(1474,1,9,'2018-01-19','',1,5,NULL),(1475,1,10,'2018-01-19','',2,5,NULL),(1476,1,8,'2018-01-19','',3,4,NULL),(1477,1,4,'2018-01-20','Домашнє завдання #23, #8',1,3,NULL),(1478,1,2,'2018-01-20','Домашнє завдання #67, #64',2,4,NULL),(1479,1,2,'2018-01-20','Домашнє завдання #20, #62',3,3,NULL),(1480,1,5,'2018-01-21','',1,5,NULL),(1481,1,8,'2018-01-21','',2,4,NULL),(1482,1,8,'2018-01-21','',3,4,NULL),(1483,1,3,'2018-01-22','Домашнє завдання #89, #17',1,4,NULL),(1484,1,6,'2018-01-22','',2,5,NULL),(1485,1,5,'2018-01-22','Домашнє завдання #75, #61',3,3,NULL),(1486,1,6,'2018-01-23','',1,2,NULL),(1487,1,2,'2018-01-23','Домашнє завдання #58, #38',2,4,NULL),(1488,1,1,'2018-01-23','',3,4,NULL),(1489,1,9,'2018-01-26','',1,5,NULL),(1490,1,10,'2018-01-26','',2,4,NULL),(1491,1,8,'2018-01-26','',3,4,NULL),(1492,1,4,'2018-01-27','',1,3,NULL),(1493,1,2,'2018-01-27','',2,2,NULL),(1494,1,2,'2018-01-27','Домашнє завдання #28, #99',3,3,NULL),(1495,1,5,'2018-01-28','',1,3,NULL),(1496,1,8,'2018-01-28','',2,3,NULL),(1497,1,8,'2018-01-28','',3,4,NULL),(1498,1,3,'2018-01-29','',1,3,NULL),(1499,1,6,'2018-01-29','',2,5,NULL),(1500,1,5,'2018-01-29','',3,5,NULL),(1501,1,6,'2018-01-30','',1,5,NULL),(1502,1,2,'2018-01-30','Домашнє завдання #69, #71',2,2,NULL),(1503,1,1,'2018-01-30','Домашнє завдання #47, #4',3,2,NULL),(1504,1,9,'2018-02-02','',1,4,NULL),(1505,1,10,'2018-02-02','',2,4,NULL),(1506,1,8,'2018-02-02','',3,4,NULL),(1507,1,4,'2018-02-03','',1,4,NULL),(1508,1,2,'2018-02-03','',2,3,NULL),(1509,1,2,'2018-02-03','',3,5,NULL),(1510,1,5,'2018-02-04','',1,2,NULL),(1511,1,8,'2018-02-04','',2,5,NULL),(1512,1,8,'2018-02-04','',3,5,NULL),(1513,1,3,'2018-02-05','Домашнє завдання #42, #83',1,2,NULL),(1514,1,6,'2018-02-05','Домашнє завдання #54, #16',2,4,NULL),(1515,1,5,'2018-02-05','',3,4,NULL),(1516,1,6,'2018-02-06','',1,4,NULL),(1517,1,2,'2018-02-06','Домашнє завдання #5, #40',2,5,NULL),(1518,1,1,'2018-02-06','',3,5,NULL),(1519,1,9,'2018-02-09','',1,2,NULL),(1520,1,10,'2018-02-09','',2,5,NULL),(1521,1,8,'2018-02-09','',3,4,NULL),(1522,1,4,'2018-02-10','',1,2,NULL),(1523,1,2,'2018-02-10','',2,3,NULL),(1524,1,2,'2018-02-10','',3,5,NULL),(1525,1,5,'2018-02-11','',1,4,NULL),(1526,1,8,'2018-02-11','',2,2,NULL),(1527,1,8,'2018-02-11','',3,4,NULL),(1528,1,3,'2018-02-12','',1,5,NULL),(1529,1,6,'2018-02-12','',2,5,NULL),(1530,1,5,'2018-02-12','',3,2,NULL),(1531,1,6,'2018-02-13','',1,2,NULL),(1532,1,2,'2018-02-13','',2,4,NULL),(1533,1,1,'2018-02-13','',3,4,NULL),(1534,1,9,'2018-02-16','',1,3,NULL),(1535,1,10,'2018-02-16','Домашнє завдання #54, #52',2,5,NULL),(1536,1,8,'2018-02-16','Домашнє завдання #85, #6',3,4,NULL),(1537,1,4,'2018-02-17','',1,4,NULL),(1538,1,2,'2018-02-17','',2,3,NULL),(1539,1,2,'2018-02-17','',3,4,NULL),(1540,1,5,'2018-02-18','Домашнє завдання #51, #18',1,3,NULL),(1541,1,8,'2018-02-18','',2,5,NULL),(1542,1,8,'2018-02-18','',3,3,NULL),(1543,1,3,'2018-02-19','',1,4,NULL),(1544,1,6,'2018-02-19','',2,3,NULL),(1545,1,5,'2018-02-19','',3,5,NULL),(1546,1,6,'2018-02-20','',1,3,NULL),(1547,1,2,'2018-02-20','Домашнє завдання #73, #94',2,2,NULL),(1548,1,1,'2018-02-20','Домашнє завдання #30, #55',3,3,NULL),(1549,1,9,'2018-02-23','',1,2,NULL),(1550,1,10,'2018-02-23','',2,4,NULL),(1551,1,8,'2018-02-23','Домашнє завдання #64, #4',3,5,NULL),(1552,1,4,'2018-02-24','',1,3,NULL),(1553,1,2,'2018-02-24','',2,4,NULL),(1554,1,2,'2018-02-24','',3,5,NULL),(1555,1,5,'2018-02-25','',1,2,NULL),(1556,1,8,'2018-02-25','Домашнє завдання #90, #22',2,4,NULL),(1557,1,8,'2018-02-25','',3,4,NULL),(1558,1,3,'2018-02-26','',1,4,NULL),(1559,1,6,'2018-02-26','Домашнє завдання #9, #56',2,4,NULL),(1560,1,5,'2018-02-26','',3,5,NULL),(1561,1,6,'2018-02-27','Домашнє завдання #80, #69',1,5,NULL),(1562,1,2,'2018-02-27','',2,4,NULL),(1563,1,1,'2018-02-27','',3,3,NULL),(1564,1,9,'2018-03-02','',1,2,NULL),(1565,1,10,'2018-03-02','',2,4,NULL),(1566,1,8,'2018-03-02','',3,3,NULL),(1567,1,4,'2018-03-03','',1,4,NULL),(1568,1,2,'2018-03-03','',2,2,NULL),(1569,1,2,'2018-03-03','',3,4,NULL),(1570,1,5,'2018-03-04','',1,3,NULL),(1571,1,8,'2018-03-04','Домашнє завдання #14, #51',2,4,NULL),(1572,1,8,'2018-03-04','',3,5,NULL),(1573,1,3,'2018-03-05','',1,3,NULL),(1574,1,6,'2018-03-05','',2,3,NULL),(1575,1,5,'2018-03-05','',3,4,NULL),(1576,1,6,'2018-03-06','',1,3,NULL),(1577,1,2,'2018-03-06','',2,5,NULL),(1578,1,1,'2018-03-06','Домашнє завдання #28, #82',3,4,NULL),(1579,1,9,'2018-03-09','',1,3,NULL),(1580,1,10,'2018-03-09','',2,2,NULL),(1581,1,8,'2018-03-09','Домашнє завдання #60, #29',3,4,NULL),(1582,1,4,'2018-03-10','Домашнє завдання #44, #12',1,2,NULL),(1583,1,2,'2018-03-10','',2,4,NULL),(1584,1,2,'2018-03-10','Домашнє завдання #41, #91',3,2,NULL),(1585,1,5,'2018-03-11','',1,3,NULL),(1586,1,8,'2018-03-11','',2,3,NULL),(1587,1,8,'2018-03-11','Домашнє завдання #93, #9',3,3,NULL),(1588,1,3,'2018-03-12','',1,2,NULL),(1589,1,6,'2018-03-12','',2,4,NULL),(1590,1,5,'2018-03-12','',3,5,NULL),(1591,1,6,'2018-03-13','',1,3,NULL),(1592,1,2,'2018-03-13','',2,5,NULL),(1593,1,1,'2018-03-13','',3,3,NULL),(1594,1,9,'2018-03-16','',1,3,NULL),(1595,1,10,'2018-03-16','',2,3,NULL),(1596,1,8,'2018-03-16','Домашнє завдання #13, #77',3,4,NULL),(1597,1,4,'2018-03-17','Домашнє завдання #82, #62',1,4,NULL),(1598,1,2,'2018-03-17','',2,4,NULL),(1599,1,2,'2018-03-17','',3,4,NULL),(1600,1,5,'2018-03-18','',1,5,NULL),(1601,1,8,'2018-03-18','',2,4,NULL),(1602,1,8,'2018-03-18','',3,4,NULL),(1603,1,3,'2018-03-19','',1,4,NULL),(1604,1,6,'2018-03-19','',2,3,NULL),(1605,1,5,'2018-03-19','',3,4,NULL),(1606,1,6,'2018-03-20','',1,3,NULL),(1607,1,2,'2018-03-20','',2,2,NULL),(1608,1,1,'2018-03-20','',3,5,NULL),(1609,1,9,'2018-03-23','',1,4,NULL),(1610,1,10,'2018-03-23','',2,4,NULL),(1611,1,8,'2018-03-23','',3,4,NULL),(1612,1,4,'2018-03-24','',1,4,NULL),(1613,1,2,'2018-03-24','',2,5,NULL),(1614,1,2,'2018-03-24','Домашнє завдання #22, #33',3,2,NULL),(1615,1,5,'2018-03-25','',1,3,NULL),(1616,1,8,'2018-03-25','',2,2,NULL),(1617,1,8,'2018-03-25','',3,3,NULL),(1618,1,3,'2018-03-26','',1,2,NULL),(1619,1,6,'2018-03-26','',2,2,NULL),(1620,1,5,'2018-03-26','',3,5,NULL),(1621,1,6,'2018-03-27','',1,3,NULL),(1622,1,2,'2018-03-27','',2,5,NULL),(1623,1,1,'2018-03-27','',3,4,NULL),(1624,1,9,'2018-03-30','Домашнє завдання #31, #89',1,3,NULL),(1625,1,10,'2018-03-30','Домашнє завдання #57, #97',2,2,NULL),(1626,1,8,'2018-03-30','',3,2,NULL),(1627,1,4,'2018-03-31','',1,3,NULL),(1628,1,2,'2018-03-31','',2,5,NULL),(1629,1,2,'2018-03-31','Домашнє завдання #77, #93',3,3,NULL),(1630,1,5,'2018-04-01','Домашнє завдання #25, #93',1,3,NULL),(1631,1,8,'2018-04-01','',2,2,NULL),(1632,1,8,'2018-04-01','',3,2,NULL),(1633,1,3,'2018-04-02','',1,4,NULL),(1634,1,6,'2018-04-02','',2,5,NULL),(1635,1,5,'2018-04-02','',3,3,NULL),(1636,1,6,'2018-04-03','Домашнє завдання #25, #66',1,3,NULL),(1637,1,2,'2018-04-03','',2,3,NULL),(1638,1,1,'2018-04-03','',3,2,NULL),(1639,1,9,'2018-04-06','',1,2,NULL),(1640,1,10,'2018-04-06','',2,2,NULL),(1641,1,8,'2018-04-06','Домашнє завдання #63, #80',3,3,NULL),(1642,1,4,'2018-04-07','',1,2,NULL),(1643,1,2,'2018-04-07','',2,5,NULL),(1644,1,2,'2018-04-07','Домашнє завдання #30, #92',3,2,NULL),(1645,1,5,'2018-04-08','',1,2,NULL),(1646,1,8,'2018-04-08','',2,4,NULL),(1647,1,8,'2018-04-08','Домашнє завдання #29, #92',3,5,NULL),(1648,1,3,'2018-04-09','',1,5,NULL),(1649,1,6,'2018-04-09','',2,3,NULL),(1650,1,5,'2018-04-09','Домашнє завдання #58, #6',3,4,NULL),(1651,1,6,'2018-04-10','',1,3,NULL),(1652,1,2,'2018-04-10','',2,2,NULL),(1653,1,1,'2018-04-10','',3,4,NULL),(1654,1,9,'2018-04-13','',1,3,NULL),(1655,1,10,'2018-04-13','Домашнє завдання #58, #97',2,3,NULL),(1656,1,8,'2018-04-13','',3,4,NULL),(1657,1,4,'2018-04-14','',1,2,NULL),(1658,1,2,'2018-04-14','',2,3,NULL),(1659,1,2,'2018-04-14','',3,4,NULL),(1660,1,5,'2018-04-15','',1,2,NULL),(1661,1,8,'2018-04-15','',2,2,NULL),(1662,1,8,'2018-04-15','',3,4,NULL),(1663,1,3,'2018-04-16','Домашнє завдання #61, #86',1,3,NULL),(1664,1,6,'2018-04-16','',2,2,NULL),(1665,1,5,'2018-04-16','',3,5,NULL),(1666,1,6,'2018-04-17','',1,5,NULL),(1667,1,2,'2018-04-17','Домашнє завдання #63, #61',2,3,NULL),(1668,1,1,'2018-04-17','',3,2,NULL),(1669,1,9,'2018-04-20','Домашнє завдання #63, #33',1,3,NULL),(1670,1,10,'2018-04-20','',2,5,NULL),(1671,1,8,'2018-04-20','',3,5,NULL),(1672,1,4,'2018-04-21','Домашнє завдання #97, #33',1,2,NULL),(1673,1,2,'2018-04-21','Домашнє завдання #92, #14',2,3,NULL),(1674,1,2,'2018-04-21','Домашнє завдання #90, #26',3,4,NULL),(1675,1,5,'2018-04-22','',1,4,NULL),(1676,1,8,'2018-04-22','',2,5,NULL),(1677,1,8,'2018-04-22','',3,5,NULL),(1678,1,3,'2018-04-23','Домашнє завдання #17, #4',1,4,NULL),(1679,1,6,'2018-04-23','',2,3,NULL),(1680,1,5,'2018-04-23','',3,3,NULL),(1681,1,6,'2018-04-24','',1,3,NULL),(1682,1,2,'2018-04-24','',2,2,NULL),(1683,1,1,'2018-04-24','',3,3,NULL),(1684,1,9,'2018-04-27','',1,5,NULL),(1685,1,10,'2018-04-27','',2,2,NULL),(1686,1,8,'2018-04-27','',3,5,NULL),(1687,1,4,'2018-04-28','',1,2,NULL),(1688,1,2,'2018-04-28','',2,4,NULL),(1689,1,2,'2018-04-28','',3,4,NULL),(1690,1,5,'2018-04-29','',1,3,NULL),(1691,1,8,'2018-04-29','',2,2,NULL),(1692,1,8,'2018-04-29','',3,4,NULL),(1693,1,3,'2018-04-30','',1,4,NULL),(1694,1,6,'2018-04-30','Домашнє завдання #64, #61',2,3,NULL),(1695,1,5,'2018-04-30','',3,4,NULL),(1696,1,6,'2018-05-01','',1,2,NULL),(1697,1,2,'2018-05-01','Домашнє завдання #24, #36',2,4,NULL),(1698,1,1,'2018-05-01','Домашнє завдання #51, #25',3,4,NULL),(1699,1,9,'2018-05-04','',1,3,NULL),(1700,1,10,'2018-05-04','Домашнє завдання #27, #50',2,2,NULL),(1701,1,8,'2018-05-04','',3,4,NULL),(1702,1,4,'2018-05-05','',1,2,NULL),(1703,1,2,'2018-05-05','',2,4,NULL),(1704,1,2,'2018-05-05','Домашнє завдання #7, #32',3,2,NULL),(1705,1,5,'2018-05-06','',1,4,NULL),(1706,1,8,'2018-05-06','',2,3,NULL),(1707,1,8,'2018-05-06','',3,5,NULL),(1708,1,3,'2018-05-07','Домашнє завдання #17, #38',1,3,NULL),(1709,1,6,'2018-05-07','',2,2,NULL),(1710,1,5,'2018-05-07','',3,5,NULL),(1711,1,6,'2018-05-08','',1,5,NULL),(1712,1,2,'2018-05-08','',2,3,NULL),(1713,1,1,'2018-05-08','',3,3,NULL);
/*!40000 ALTER TABLE `lesson` ENABLE KEYS */;
UNLOCK TABLES;

--
-- Table structure for table `mark`
--

DROP TABLE IF EXISTS `mark`;
/*!40101 SET @saved_cs_client     = @@character_set_client */;
/*!40101 SET character_set_client = utf8 */;
CREATE TABLE `mark` (
  `id` int(11) NOT NULL AUTO_INCREMENT,
  `mark` tinyint(2) DEFAULT NULL,
  `note` varchar(255) DEFAULT NULL,
  `lesson_id` int(11) NOT NULL,
  `student_id` int(11) NOT NULL,
  PRIMARY KEY (`id`),
  UNIQUE KEY `unique_index` (`lesson_id`,`student_id`),
  KEY `FKqw2aqrsqut82rwjb469mpyari` (`lesson_id`),
  KEY `FKcwocngy0rfmqdhqwm3qlrfamx` (`student_id`),
  CONSTRAINT `fk_mark_lesson` FOREIGN KEY (`lesson_id`) REFERENCES `lesson` (`id`),
  CONSTRAINT `fk_mark_student` FOREIGN KEY (`student_id`) REFERENCES `student` (`id`)
) ENGINE=InnoDB AUTO_INCREMENT=1785 DEFAULT CHARSET=utf8;
/*!40101 SET character_set_client = @saved_cs_client */;

--
-- Dumping data for table `mark`
--

LOCK TABLES `mark` WRITE;
/*!40000 ALTER TABLE `mark` DISABLE KEYS */;
INSERT INTO `mark` VALUES (1,9,'',1,19),(2,4,'Не готовий!',2,18),(3,10,'',2,20),(4,6,'',3,18),(5,9,'',3,19),(6,7,'',4,18),(7,4,'Не готовий!',4,19),(8,4,'Не готовий!',5,18),(9,7,'',5,19),(10,6,'',5,20),(11,4,'Не готовий!',6,19),(12,9,'',7,20),(13,9,'',9,19),(14,12,'Молодець!',9,20),(15,7,'',10,18),(16,4,'Не готовий!',11,19),(17,4,'Не готовий!',12,18),(18,4,'Не готовий!',12,19),(19,8,'',13,18),(20,7,'',14,20),(21,3,'Не готовий!',15,18),(22,6,'',15,20),(23,8,'',16,18),(24,6,'',16,19),(25,11,'Молодець!',16,20),(26,10,'',18,18),(27,5,'Не готовий!',20,18),(28,7,'',20,19),(29,7,'',21,18),(30,7,'',21,19),(31,6,'',21,20),(32,5,'Не готовий!',22,18),(33,7,'',23,18),(34,7,'',24,18),(35,11,'Молодець!',24,19),(36,7,'',24,20),(37,10,'',26,19),(38,11,'Молодець!',26,20),(39,4,'Не готовий!',28,18),(40,5,'Не готовий!',28,19),(41,10,'',28,20),(42,11,'Молодець!',29,19),(43,10,'',29,20),(44,8,'',30,18),(45,10,'',30,20),(46,7,'',31,19),(47,6,'',32,18),(48,12,'Молодець!',32,20),(49,9,'',33,18),(50,7,'',34,18),(51,8,'',35,20),(52,7,'',40,20),(53,11,'Молодець!',41,19),(54,9,'',42,18),(55,8,'',42,19),(56,8,'',42,20),(57,5,'Не готовий!',43,18),(58,5,'Не готовий!',43,20),(59,4,'Не готовий!',44,18),(60,10,'',44,20),(61,9,'',45,18),(62,6,'',45,19),(63,9,'',46,18),(64,11,'Молодець!',46,19),(65,5,'Не готовий!',46,20),(66,7,'',47,18),(67,5,'Не готовий!',47,19),(68,3,'Не готовий!',48,18),(69,4,'Не готовий!',48,19),(70,5,'Не готовий!',48,20),(71,3,'Не готовий!',49,18),(72,5,'Не готовий!',49,19),(73,6,'',50,18),(74,4,'Не готовий!',50,19),(75,4,'Не готовий!',51,18),(76,4,'Не готовий!',51,19),(77,5,'Не готовий!',51,20),(78,5,'Не готовий!',53,18),(79,5,'Не готовий!',55,18),(80,8,'',55,19),(81,12,'Молодець!',55,20),(82,8,'',56,20),(83,10,'',59,18),(84,6,'',59,19),(85,6,'',60,18),(86,10,'',61,19),(87,7,'',62,20),(88,8,'',63,19),(89,3,'Не готовий!',66,18),(90,5,'Не готовий!',67,18),(91,9,'',69,19),(92,10,'',70,20),(93,5,'Не готовий!',71,19),(94,6,'',72,19),(95,7,'',73,20),(96,8,'',74,20),(97,10,'',75,18),(98,11,'Молодець!',75,19),(99,3,'Не готовий!',76,18),(100,8,'',76,19),(101,12,'Молодець!',77,20),(102,8,'',80,18),(103,9,'',80,20),(104,9,'',81,18),(105,9,'',81,19),(106,12,'Молодець!',81,20),(107,10,'',82,18),(108,8,'',82,19),(109,12,'Молодець!',82,20),(110,9,'',83,19),(111,8,'',83,20),(112,5,'Не готовий!',84,19),(113,10,'',85,18),(114,11,'Молодець!',85,19),(115,12,'Молодець!',85,20),(116,10,'',86,18),(117,11,'Молодець!',86,19),(118,6,'',86,20),(119,6,'',88,18),(120,5,'Не готовий!',88,19),(121,11,'Молодець!',89,19),(122,7,'',89,20),(123,9,'',90,18),(124,7,'',92,18),(125,9,'',94,18),(126,9,'',94,19),(127,9,'',94,20),(128,5,'Не готовий!',96,18),(129,5,'Не готовий!',96,19),(130,12,'Молодець!',96,20),(131,9,'',97,18),(132,6,'',97,19),(133,8,'',98,20),(134,3,'Не готовий!',99,18),(135,5,'Не готовий!',100,18),(136,11,'Молодець!',100,19),(137,6,'',100,20),(138,9,'',101,20),(139,9,'',103,20),(140,9,'',105,18),(141,6,'',105,20),(142,6,'',106,19),(143,11,'Молодець!',108,20),(144,6,'',109,18),(145,5,'Не готовий!',109,20),(146,5,'Не готовий!',110,19),(147,7,'',112,20),(148,4,'Не готовий!',113,18),(149,7,'',113,19),(150,9,'',113,20),(151,7,'',114,18),(152,5,'Не готовий!',115,19),(153,6,'',115,20),(154,6,'',116,18),(155,10,'',117,18),(156,5,'Не готовий!',117,19),(157,6,'',118,18),(158,4,'Не готовий!',118,19),(159,5,'Не готовий!',118,20),(160,8,'',119,19),(161,6,'',119,20),(162,4,'Не готовий!',121,18),(163,5,'Не готовий!',122,19),(164,9,'',122,20),(165,7,'',123,19),(166,11,'Молодець!',123,20),(167,8,'',124,18),(168,7,'',124,19),(169,10,'',124,20),(170,5,'Не готовий!',125,18),(171,5,'Не готовий!',125,19),(172,11,'Молодець!',125,20),(173,4,'Не готовий!',126,18),(174,5,'Не готовий!',126,20),(175,11,'Молодець!',127,20),(176,3,'Не готовий!',128,18),(177,4,'Не готовий!',129,18),(178,10,'',129,19),(179,6,'',129,20),(180,8,'',132,20),(181,8,'',133,18),(182,10,'',134,18),(183,4,'Не готовий!',134,19),(184,8,'',135,18),(185,11,'Молодець!',135,19),(186,12,'Молодець!',135,20),(187,10,'',137,18),(188,10,'',137,20),(189,9,'',138,18),(190,4,'Не готовий!',138,19),(191,8,'',138,20),(192,8,'',139,20),(193,11,'Молодець!',142,19),(194,4,'Не готовий!',144,18),(195,11,'Молодець!',144,20),(196,6,'',145,19),(197,8,'',146,19),(198,5,'Не готовий!',147,18),(199,5,'Не готовий!',147,19),(200,9,'',147,20),(201,4,'Не готовий!',148,18),(202,8,'',148,19),(203,6,'',149,18),(204,7,'',149,20),(205,8,'',151,18),(206,10,'',152,18),(207,9,'',153,18),(208,8,'',153,19),(209,8,'',154,20),(210,4,'Не готовий!',155,18),(211,6,'',155,20),(212,9,'',156,18),(213,8,'',156,19),(214,5,'Не готовий!',158,18),(215,8,'',160,18),(216,12,'Молодець!',160,20),(217,11,'Молодець!',162,20),(218,7,'',164,18),(219,3,'Не готовий!',165,18),(220,5,'Не готовий!',165,20),(221,5,'Не готовий!',166,18),(222,4,'Не готовий!',166,19),(223,10,'',166,20),(224,6,'',169,18),(225,7,'',169,19),(226,7,'',169,20),(227,4,'Не готовий!',170,18),(228,5,'Не готовий!',170,19),(229,12,'Молодець!',170,20),(230,7,'',172,19),(231,12,'Молодець!',172,20),(232,8,'',173,18),(233,8,'',173,19),(234,8,'',173,20),(235,3,'Не готовий!',174,18),(236,5,'Не готовий!',175,18),(237,6,'',175,19),(238,9,'',177,19),(239,7,'',177,20),(240,6,'',178,18),(241,10,'',179,18),(242,9,'',179,19),(243,8,'',180,18),(244,5,'Не готовий!',180,19),(245,5,'Не готовий!',180,20),(246,3,'Не готовий!',183,18),(247,11,'Молодець!',183,20),(248,9,'',184,18),(249,7,'',184,20),(250,7,'',185,19),(251,11,'Молодець!',188,20),(252,8,'',189,19),(253,7,'',190,18),(254,11,'Молодець!',191,19),(255,11,'Молодець!',192,20),(256,6,'',193,20),(257,9,'',194,18),(258,12,'Молодець!',195,20),(259,5,'Не готовий!',196,18),(260,6,'',196,20),(261,8,'',197,18),(262,9,'',197,20),(263,5,'Не готовий!',198,18),(264,9,'',198,19),(265,4,'Не готовий!',199,18),(266,7,'',199,20),(267,7,'',201,20),(268,7,'',202,19),(269,7,'',202,20),(270,10,'',203,18),(271,5,'Не готовий!',203,19),(272,8,'',203,20),(273,5,'Не готовий!',204,19),(274,6,'',205,18),(275,5,'Не готовий!',206,20),(276,10,'',207,19),(277,7,'',207,20),(278,4,'Не готовий!',210,18),(279,7,'',212,18),(280,4,'Не готовий!',212,19),(281,12,'Молодець!',212,20),(282,8,'',213,19),(283,6,'',214,18),(284,5,'Не готовий!',214,20),(285,8,'',215,20),(286,11,'Молодець!',216,19),(287,9,'',217,18),(288,11,'Молодець!',217,19),(289,11,'Молодець!',217,20),(290,9,'',219,18),(291,11,'Молодець!',219,19),(292,11,'Молодець!',219,20),(293,4,'Не готовий!',220,18),(294,7,'',221,18),(295,5,'Не готовий!',221,20),(296,3,'Не готовий!',222,18),(297,8,'',222,19),(298,8,'',222,20),(299,7,'',223,18),(300,11,'Молодець!',223,20),(301,11,'Молодець!',224,19),(302,7,'',224,20),(303,9,'',225,20),(304,5,'Не готовий!',226,19),(305,12,'Молодець!',226,20),(306,4,'Не готовий!',227,18),(307,11,'Молодець!',227,19),(308,12,'Молодець!',227,20),(309,4,'Не готовий!',229,18),(310,7,'',231,18),(311,9,'',231,19),(312,8,'',232,18),(313,12,'Молодець!',232,20),(314,12,'Молодець!',233,20),(315,5,'Не готовий!',234,18),(316,4,'Не готовий!',238,18),(317,5,'Не готовий!',238,19),(318,11,'Молодець!',239,20),(319,9,'',240,18),(320,6,'',241,18),(321,11,'Молодець!',241,20),(322,8,'',242,18),(323,9,'',242,19),(324,6,'',242,20),(325,9,'',243,19),(326,12,'Молодець!',243,20),(327,6,'',245,18),(328,4,'Не готовий!',246,18),(329,12,'Молодець!',246,20),(330,5,'Не готовий!',247,18),(331,4,'Не готовий!',247,19),(332,9,'',248,18),(333,10,'',248,19),(334,11,'Молодець!',248,20),(335,7,'',249,19),(336,8,'',249,20),(337,5,'Не готовий!',250,19),(338,6,'',251,19),(339,9,'',252,18),(340,10,'',252,19),(341,7,'',253,23),(342,8,'',254,21),(343,5,'Не готовий!',254,23),(344,4,'Не готовий!',256,21),(345,12,'Молодець!',257,23),(346,4,'Не готовий!',258,21),(347,9,'',258,23),(348,11,'Молодець!',259,22),(349,10,'',260,22),(350,3,'Не готовий!',261,21),(351,5,'Не готовий!',261,22),(352,12,'Молодець!',261,23),(353,3,'Не готовий!',263,21),(354,7,'',264,22),(355,8,'',264,23),(356,5,'Не готовий!',266,23),(357,5,'Не готовий!',267,22),(358,5,'Не готовий!',268,21),(359,8,'',268,22),(360,10,'',268,23),(361,5,'Не готовий!',269,22),(362,11,'Молодець!',270,23),(363,3,'Не готовий!',272,21),(364,8,'',274,22),(365,7,'',275,23),(366,8,'',276,21),(367,4,'Не готовий!',276,22),(368,12,'Молодець!',276,23),(369,8,'',277,21),(370,9,'',277,22),(371,7,'',278,23),(372,7,'',279,21),(373,8,'',279,22),(374,10,'',279,23),(375,6,'',280,21),(376,6,'',281,21),(377,8,'',283,23),(378,4,'Не готовий!',284,22),(379,7,'',284,23),(380,7,'',285,21),(381,10,'',286,21),(382,10,'',286,23),(383,8,'',287,23),(384,4,'Не готовий!',288,22),(385,9,'',289,21),(386,6,'',290,21),(387,10,'',290,22),(388,7,'',290,23),(389,5,'Не готовий!',291,21),(390,6,'',291,23),(391,8,'',292,21),(392,7,'',292,22),(393,9,'',292,23),(394,9,'',293,21),(395,8,'',293,22),(396,4,'Не готовий!',296,21),(397,10,'',296,22),(398,8,'',296,23),(399,4,'Не готовий!',298,21),(400,10,'',299,21),(401,7,'',300,21),(402,8,'',301,21),(403,3,'Не готовий!',302,21),(404,9,'',302,22),(405,7,'',302,23),(406,9,'',303,21),(407,11,'Молодець!',303,22),(408,12,'Молодець!',303,23),(409,7,'',304,23),(410,10,'',306,22),(411,7,'',307,21),(412,10,'',307,22),(413,4,'Не готовий!',308,22),(414,10,'',308,23),(415,8,'',309,21),(416,5,'Не готовий!',309,22),(417,10,'',310,22),(418,6,'',312,23),(419,7,'',313,21),(420,6,'',313,22),(421,9,'',314,22),(422,12,'Молодець!',314,23),(423,6,'',315,21),(424,5,'Не готовий!',317,21),(425,5,'Не готовий!',317,23),(426,12,'Молодець!',318,23),(427,9,'',319,21),(428,9,'',319,23),(429,9,'',320,21),(430,11,'Молодець!',320,22),(431,10,'',320,23),(432,7,'',321,21),(433,10,'',322,22),(434,11,'Молодець!',322,23),(435,6,'',323,21),(436,7,'',323,22),(437,8,'',324,22),(438,11,'Молодець!',324,23),(439,10,'',325,23),(440,5,'Не готовий!',326,22),(441,12,'Молодець!',326,23),(442,7,'',329,21),(443,11,'Молодець!',329,23),(444,8,'',330,22),(445,10,'',330,23),(446,4,'Не готовий!',331,21),(447,9,'',331,22),(448,11,'Молодець!',331,23),(449,8,'',332,22),(450,6,'',332,23),(451,8,'',333,21),(452,4,'Не готовий!',333,22),(453,10,'',333,23),(454,5,'Не готовий!',334,21),(455,6,'',334,23),(456,8,'',336,23),(457,8,'',337,21),(458,11,'Молодець!',338,22),(459,10,'',338,23),(460,5,'Не готовий!',339,21),(461,10,'',339,23),(462,6,'',340,22),(463,8,'',340,23),(464,5,'Не готовий!',341,21),(465,6,'',341,22),(466,11,'Молодець!',341,23),(467,6,'',344,22),(468,3,'Не готовий!',346,21),(469,8,'',346,22),(470,10,'',346,23),(471,6,'',347,21),(472,10,'',348,21),(473,7,'',349,21),(474,5,'Не готовий!',350,21),(475,6,'',350,22),(476,10,'',350,23),(477,9,'',351,21),(478,8,'',353,22),(479,8,'',353,23),(480,3,'Не готовий!',354,21),(481,6,'',356,21),(482,4,'Не готовий!',357,22),(483,5,'Не готовий!',357,23),(484,4,'Не готовий!',358,21),(485,12,'Молодець!',358,23),(486,9,'',360,22),(487,10,'',361,23),(488,8,'',362,21),(489,5,'Не готовий!',362,23),(490,5,'Не готовий!',363,22),(491,9,'',364,21),(492,4,'Не готовий!',364,22),(493,7,'',364,23),(494,4,'Не готовий!',366,21),(495,5,'Не готовий!',367,21),(496,11,'Молодець!',367,22),(497,5,'Не готовий!',367,23),(498,6,'',368,21),(499,4,'Не готовий!',369,21),(500,7,'',369,22),(501,12,'Молодець!',369,23),(502,6,'',370,22),(503,11,'Молодець!',370,23),(504,9,'',372,21),(505,7,'',372,22),(506,9,'',372,23),(507,4,'Не готовий!',374,21),(508,3,'Не готовий!',375,21),(509,5,'Не готовий!',376,21),(510,4,'Не готовий!',377,21),(511,4,'Не готовий!',377,22),(512,9,'',377,23),(513,4,'Не готовий!',378,21),(514,10,'',379,22),(515,11,'Молодець!',379,23),(516,5,'Не готовий!',380,23),(517,8,'',381,21),(518,6,'',382,21),(519,9,'',382,22),(520,7,'',382,23),(521,6,'',383,21),(522,5,'Не готовий!',383,22),(523,9,'',383,23),(524,8,'',385,21),(525,11,'Молодець!',385,22),(526,8,'',387,22),(527,5,'Не готовий!',388,23),(528,11,'Молодець!',390,22),(529,6,'',390,23),(530,10,'',392,21),(531,9,'',393,21),(532,8,'',393,23),(533,6,'',394,23),(534,9,'',395,21),(535,10,'',396,21),(536,8,'',396,22),(537,9,'',396,23),(538,8,'',397,21),(539,5,'Не готовий!',397,22),(540,5,'Не готовий!',397,23),(541,7,'',398,22),(542,8,'',400,23),(543,4,'Не готовий!',401,21),(544,5,'Не готовий!',402,21),(545,3,'Не готовий!',404,21),(546,10,'',404,22),(547,6,'',404,23),(548,7,'',405,21),(549,9,'',405,22),(550,12,'Молодець!',405,23),(551,4,'Не готовий!',406,21),(552,8,'',406,22),(553,5,'Не готовий!',406,23),(554,10,'',407,22),(555,9,'',407,23),(556,5,'Не готовий!',408,21),(557,10,'',408,22),(558,8,'',408,23),(559,5,'Не готовий!',409,21),(560,9,'',409,22),(561,9,'',409,23),(562,9,'',410,21),(563,4,'Не готовий!',410,22),(564,11,'Молодець!',410,23),(565,9,'',412,22),(566,10,'',413,21),(567,10,'',414,21),(568,4,'Не готовий!',417,21),(569,5,'Не готовий!',418,21),(570,9,'',418,22),(571,10,'',418,23),(572,9,'',419,23),(573,6,'',420,22),(574,10,'',420,23),(575,10,'',421,23),(576,10,'',423,22),(577,3,'Не готовий!',424,21),(578,9,'',424,22),(579,9,'',424,23),(580,12,'Молодець!',425,23),(581,4,'Не готовий!',426,22),(582,9,'',426,23),(583,11,'Молодець!',427,23),(584,10,'',428,21),(585,7,'',428,23),(586,6,'',429,21),(587,11,'Молодець!',429,22),(588,12,'Молодець!',429,23),(589,10,'',430,21),(590,6,'',430,22),(591,9,'',430,23),(592,5,'Не готовий!',431,23),(593,10,'',432,21),(594,6,'',432,22),(595,11,'Молодець!',432,23),(596,5,'Не готовий!',433,21),(597,8,'',433,22),(598,12,'Молодець!',433,23),(599,9,'',434,22),(600,8,'',434,23),(601,8,'',436,23),(602,7,'',437,21),(603,3,'Не готовий!',438,21),(604,10,'',438,22),(605,11,'Молодець!',438,23),(606,10,'',439,21),(607,5,'Не готовий!',440,21),(608,10,'',441,22),(609,12,'Молодець!',442,23),(610,8,'',443,22),(611,9,'',443,23),(612,9,'',444,23),(613,9,'',445,21),(614,11,'Молодець!',445,22),(615,9,'',445,23),(616,8,'',446,21),(617,9,'',446,22),(618,12,'Молодець!',446,23),(619,5,'Не готовий!',447,21),(620,11,'Молодець!',447,22),(621,8,'',447,23),(622,4,'Не готовий!',449,22),(623,7,'',449,23),(624,7,'',450,22),(625,8,'',450,23),(626,6,'',451,21),(627,4,'Не готовий!',451,22),(628,6,'',451,23),(629,5,'Не готовий!',452,23),(630,10,'',454,21),(631,6,'',454,22),(632,11,'Молодець!',454,23),(633,9,'',455,22),(634,3,'Не готовий!',456,21),(635,10,'',456,22),(636,7,'',456,23),(637,11,'Молодець!',458,23),(638,8,'',459,21),(639,10,'',460,21),(640,6,'',460,22),(641,7,'',460,23),(642,5,'Не готовий!',461,22),(643,12,'Молодець!',461,23),(644,9,'',462,22),(645,7,'',462,23),(646,6,'',465,21),(647,7,'',465,22),(648,5,'Не готовий!',465,23),(649,5,'Не готовий!',466,21),(650,9,'',466,22),(651,5,'Не готовий!',466,23),(652,9,'',469,21),(653,5,'Не готовий!',469,22),(654,9,'',470,21),(655,6,'',472,21),(656,7,'',472,22),(657,9,'',473,23),(658,9,'',475,21),(659,6,'',475,22),(660,8,'',476,23),(661,5,'Не готовий!',477,21),(662,5,'Не готовий!',477,22),(663,7,'',477,23),(664,12,'Молодець!',478,23),(665,3,'Не готовий!',479,21),(666,7,'',479,22),(667,6,'',480,23),(668,10,'',481,21),(669,9,'',481,22),(670,3,'Не готовий!',482,21),(671,6,'',482,22),(672,8,'',484,23),(673,11,'Молодець!',485,22),(674,6,'',485,23),(675,12,'Молодець!',487,23),(676,11,'Молодець!',488,23),(677,8,'',489,21),(678,4,'Не готовий!',489,22),(679,9,'',489,23),(680,3,'Не готовий!',490,21),(681,5,'Не готовий!',490,23),(682,6,'',491,21),(683,9,'',491,22),(684,6,'',491,23),(685,3,'Не готовий!',493,21),(686,11,'Молодець!',493,22),(687,7,'',493,23),(688,5,'Не готовий!',494,21),(689,7,'',494,22),(690,6,'',495,22),(691,5,'Не готовий!',495,23),(692,5,'Не готовий!',496,22),(693,6,'',497,21),(694,9,'',498,22),(695,9,'',499,21),(696,8,'',499,22),(697,9,'',499,23),(698,8,'',501,21),(699,11,'Молодець!',501,22),(700,10,'',501,23),(701,10,'',502,23),(702,9,'',503,22),(703,3,'Не готовий!',504,21),(704,6,'',504,23),(705,9,'',506,22),(706,4,'Не готовий!',507,22),(707,3,'Не готовий!',508,21),(708,4,'Не готовий!',508,22),(709,12,'Молодець!',508,23),(710,7,'',509,22),(711,3,'Не готовий!',510,21),(712,5,'Не готовий!',511,21),(713,11,'Молодець!',511,23),(714,6,'',514,21),(715,10,'',515,21),(716,3,'Не готовий!',516,21),(717,6,'',516,23),(718,11,'Молодець!',517,22),(719,5,'Не готовий!',517,23),(720,4,'Не готовий!',518,22),(721,6,'',519,22),(722,12,'Молодець!',519,23),(723,9,'',520,23),(724,10,'',521,23),(725,5,'Не готовий!',522,21),(726,6,'',523,22),(727,7,'',524,21),(728,7,'',524,22),(729,6,'',526,21),(730,4,'Не готовий!',526,22),(731,11,'Молодець!',527,23),(732,8,'',528,23),(733,12,'Молодець!',529,14),(734,10,'',530,13),(735,3,'Не готовий!',533,12),(736,7,'',534,12),(737,11,'Молодець!',535,14),(738,7,'',537,14),(739,10,'',540,12),(740,8,'',541,12),(741,10,'',541,13),(742,9,'',541,14),(743,8,'',542,12),(744,6,'',542,13),(745,6,'',545,12),(746,4,'Не готовий!',545,13),(747,8,'',545,14),(748,6,'',547,12),(749,7,'',547,13),(750,10,'',548,12),(751,6,'',548,13),(752,12,'Молодець!',548,14),(753,7,'',549,13),(754,6,'',549,14),(755,10,'',552,13),(756,3,'Не готовий!',553,12),(757,7,'',554,12),(758,10,'',555,12),(759,10,'',556,14),(760,12,'Молодець!',557,14),(761,10,'',559,12),(762,10,'',559,13),(763,6,'',560,12),(764,10,'',560,13),(765,9,'',560,14),(766,8,'',562,12),(767,4,'Не готовий!',562,13),(768,6,'',562,14),(769,5,'Не готовий!',564,12),(770,10,'',564,13),(771,5,'Не готовий!',564,14),(772,8,'',565,14),(773,8,'',566,12),(774,8,'',569,12),(775,11,'Молодець!',569,14),(776,4,'Не готовий!',570,13),(777,5,'Не готовий!',572,14),(778,8,'',573,14),(779,9,'',577,12),(780,6,'',577,13),(781,7,'',577,14),(782,10,'',578,12),(783,8,'',578,13),(784,6,'',579,13),(785,12,'Молодець!',579,14),(786,9,'',580,12),(787,8,'',580,13),(788,6,'',580,14),(789,10,'',581,12),(790,10,'',581,13),(791,11,'Молодець!',583,13),(792,8,'',584,12),(793,5,'Не готовий!',584,13),(794,7,'',584,14),(795,5,'Не готовий!',586,12),(796,11,'Молодець!',586,13),(797,9,'',586,14),(798,8,'',588,13),(799,8,'',589,14),(800,6,'',590,12),(801,7,'',590,13),(802,9,'',590,14),(803,6,'',591,12),(804,9,'',591,13),(805,6,'',592,12),(806,8,'',593,12),(807,11,'Молодець!',594,13),(808,4,'Не готовий!',595,13),(809,4,'Не готовий!',596,12),(810,5,'Не готовий!',596,14),(811,10,'',600,13),(812,11,'Молодець!',601,13),(813,5,'Не готовий!',602,12),(814,10,'',602,14),(815,6,'',604,14),(816,9,'',605,13),(817,9,'',606,12),(818,7,'',606,13),(819,8,'',607,12),(820,8,'',607,14),(821,3,'Не готовий!',608,12),(822,9,'',608,13),(823,9,'',608,14),(824,8,'',609,12),(825,5,'Не готовий!',609,13),(826,4,'Не готовий!',611,12),(827,12,'Молодець!',611,14),(828,7,'',612,12),(829,11,'Молодець!',612,13),(830,11,'Молодець!',612,14),(831,9,'',613,13),(832,5,'Не готовий!',615,13),(833,6,'',615,14),(834,4,'Не готовий!',617,12),(835,8,'',617,14),(836,8,'',618,12),(837,4,'Не готовий!',620,13),(838,11,'Молодець!',620,14),(839,9,'',622,12),(840,8,'',622,14),(841,5,'Не готовий!',623,12),(842,4,'Не готовий!',624,13),(843,9,'',624,14),(844,6,'',625,12),(845,10,'',625,13),(846,8,'',625,14),(847,5,'Не готовий!',626,12),(848,6,'',626,14),(849,4,'Не готовий!',627,12),(850,9,'',629,13),(851,8,'',629,14),(852,8,'',630,13),(853,8,'',630,14),(854,5,'Не готовий!',631,14),(855,7,'',632,13),(856,8,'',632,14),(857,11,'Молодець!',633,13),(858,7,'',633,14),(859,7,'',634,13),(860,8,'',635,12),(861,11,'Молодець!',635,13),(862,7,'',635,14),(863,8,'',636,13),(864,9,'',637,13),(865,9,'',637,14),(866,4,'Не готовий!',638,12),(867,11,'Молодець!',638,13),(868,9,'',638,14),(869,9,'',639,12),(870,11,'Молодець!',639,13),(871,6,'',640,12),(872,6,'',640,13),(873,9,'',640,14),(874,6,'',641,12),(875,11,'Молодець!',641,13),(876,9,'',641,14),(877,8,'',642,14),(878,12,'Молодець!',643,14),(879,4,'Не готовий!',644,13),(880,8,'',644,14),(881,3,'Не готовий!',646,12),(882,9,'',646,13),(883,7,'',647,13),(884,4,'Не готовий!',649,12),(885,11,'Молодець!',650,13),(886,10,'',657,12),(887,5,'Не готовий!',658,12),(888,10,'',659,12),(889,9,'',659,13),(890,4,'Не готовий!',662,12),(891,8,'',662,13),(892,6,'',664,12),(893,4,'Не готовий!',664,13),(894,11,'Молодець!',664,14),(895,3,'Не готовий!',666,12),(896,9,'',667,12),(897,4,'Не готовий!',668,12),(898,6,'',668,13),(899,9,'',668,14),(900,8,'',669,12),(901,10,'',669,13),(902,7,'',669,14),(903,7,'',670,12),(904,6,'',671,12),(905,7,'',672,12),(906,9,'',672,13),(907,5,'Не готовий!',674,12),(908,8,'',674,14),(909,10,'',675,12),(910,5,'Не готовий!',675,13),(911,7,'',675,14),(912,9,'',677,14),(913,4,'Не готовий!',678,12),(914,8,'',678,13),(915,5,'Не готовий!',679,12),(916,9,'',679,14),(917,8,'',680,14),(918,5,'Не готовий!',682,12),(919,3,'Не готовий!',683,12),(920,5,'Не готовий!',683,13),(921,8,'',683,14),(922,6,'',685,12),(923,6,'',685,14),(924,4,'Не готовий!',686,13),(925,3,'Не готовий!',687,12),(926,5,'Не готовий!',687,13),(927,5,'Не готовий!',687,14),(928,4,'Не готовий!',688,12),(929,5,'Не готовий!',688,14),(930,7,'',689,12),(931,10,'',689,13),(932,6,'',690,12),(933,8,'',690,13),(934,9,'',693,12),(935,9,'',693,14),(936,5,'Не готовий!',694,13),(937,8,'',694,14),(938,10,'',697,12),(939,7,'',697,13),(940,9,'',697,14),(941,5,'Не готовий!',698,12),(942,3,'Не готовий!',699,12),(943,4,'Не готовий!',699,13),(944,12,'Молодець!',699,14),(945,9,'',700,12),(946,9,'',701,13),(947,11,'Молодець!',701,14),(948,5,'Не готовий!',703,12),(949,12,'Молодець!',703,14),(950,4,'Не готовий!',704,12),(951,5,'Не готовий!',706,12),(952,11,'Молодець!',706,13),(953,6,'',706,14),(954,4,'Не готовий!',707,12),(955,5,'Не готовий!',707,14),(956,7,'',709,14),(957,4,'Не готовий!',710,13),(958,10,'',712,12),(959,8,'',712,13),(960,5,'Не готовий!',712,14),(961,9,'',713,13),(962,10,'',713,14),(963,10,'',714,12),(964,7,'',714,13),(965,10,'',715,12),(966,9,'',716,14),(967,7,'',719,12),(968,11,'Молодець!',719,14),(969,5,'Не готовий!',721,13),(970,7,'',722,12),(971,5,'Не готовий!',723,13),(972,10,'',723,14),(973,6,'',724,14),(974,11,'Молодець!',725,14),(975,4,'Не готовий!',726,13),(976,11,'Молодець!',726,14),(977,9,'',728,13),(978,6,'',728,14),(979,10,'',729,12),(980,11,'Молодець!',729,13),(981,11,'Молодець!',729,14),(982,12,'Молодець!',730,14),(983,9,'',732,12),(984,11,'Молодець!',732,14),(985,5,'Не готовий!',734,14),(986,7,'',735,12),(987,10,'',736,14),(988,8,'',737,12),(989,6,'',738,13),(990,7,'',739,12),(991,6,'',740,12),(992,8,'',740,13),(993,9,'',741,12),(994,11,'Молодець!',742,13),(995,5,'Не готовий!',742,14),(996,8,'',743,13),(997,9,'',744,14),(998,5,'Не готовий!',745,12),(999,11,'Молодець!',747,13),(1000,3,'Не готовий!',748,12),(1001,5,'Не готовий!',748,13),(1002,7,'',748,14),(1003,6,'',749,12),(1004,5,'Не готовий!',749,13),(1005,5,'Не готовий!',749,14),(1006,9,'',750,12),(1007,7,'',750,13),(1008,9,'',751,14),(1009,8,'',752,12),(1010,12,'Молодець!',752,14),(1011,5,'Не готовий!',753,13),(1012,8,'',753,14),(1013,5,'Не готовий!',755,12),(1014,10,'',757,14),(1015,4,'Не готовий!',758,13),(1016,7,'',758,14),(1017,10,'',759,13),(1018,7,'',762,12),(1019,8,'',763,14),(1020,5,'Не готовий!',764,13),(1021,4,'Не готовий!',765,13),(1022,7,'',767,12),(1023,7,'',767,14),(1024,10,'',768,14),(1025,9,'',769,13),(1026,11,'Молодець!',769,14),(1027,4,'Не готовий!',771,12),(1028,8,'',771,13),(1029,4,'Не готовий!',772,12),(1030,10,'',772,13),(1031,7,'',772,14),(1032,3,'Не готовий!',773,12),(1033,7,'',773,13),(1034,11,'Молодець!',773,14),(1035,7,'',774,13),(1036,5,'Не готовий!',775,12),(1037,6,'',775,13),(1038,11,'Молодець!',775,14),(1039,10,'',776,12),(1040,6,'',776,13),(1041,9,'',777,14),(1042,10,'',778,12),(1043,7,'',780,13),(1044,8,'',780,14),(1045,7,'',781,12),(1046,5,'Не готовий!',781,14),(1047,7,'',782,12),(1048,9,'',782,13),(1049,12,'Молодець!',782,14),(1050,5,'Не готовий!',783,12),(1051,11,'Молодець!',786,13),(1052,3,'Не готовий!',787,12),(1053,7,'',787,13),(1054,7,'',787,14),(1055,7,'',788,12),(1056,10,'',788,13),(1057,10,'',788,14),(1058,5,'Не готовий!',789,12),(1059,12,'Молодець!',789,14),(1060,8,'',790,12),(1061,8,'',790,13),(1062,5,'Не готовий!',790,14),(1063,9,'',791,14),(1064,4,'Не готовий!',792,12),(1065,5,'Не готовий!',793,14),(1066,8,'',794,12),(1067,5,'Не готовий!',795,12),(1068,11,'Молодець!',795,13),(1069,3,'Не готовий!',797,12),(1070,10,'',797,13),(1071,5,'Не готовий!',797,14),(1072,7,'',798,13),(1073,10,'',798,14),(1074,8,'',799,12),(1075,7,'',799,13),(1076,6,'',800,12),(1077,4,'Не готовий!',800,13),(1078,9,'',800,14),(1079,10,'',802,12),(1080,8,'',802,13),(1081,10,'',804,13),(1082,10,'',805,13),(1083,12,'Молодець!',805,14),(1084,12,'Молодець!',806,14),(1085,5,'Не готовий!',808,12),(1086,5,'Не готовий!',808,13),(1087,10,'',808,14),(1088,11,'Молодець!',809,14),(1089,10,'',810,12),(1090,9,'',810,13),(1091,6,'',810,14),(1092,10,'',811,12),(1093,7,'',811,14),(1094,7,'',812,12),(1095,10,'',813,12),(1096,9,'',813,13),(1097,6,'',813,14),(1098,3,'Не готовий!',814,12),(1099,11,'Молодець!',814,13),(1100,7,'',816,13),(1101,9,'',816,14),(1102,3,'Не готовий!',817,12),(1103,7,'',817,13),(1104,12,'Молодець!',817,14),(1105,10,'',818,12),(1106,9,'',819,12),(1107,8,'',819,14),(1108,3,'Не готовий!',820,12),(1109,11,'Молодець!',820,13),(1110,12,'Молодець!',820,14),(1111,11,'Молодець!',821,14),(1112,6,'',823,14),(1113,7,'',824,13),(1114,6,'',825,12),(1115,11,'Молодець!',825,14),(1116,11,'Молодець!',826,14),(1117,8,'',827,12),(1118,8,'',827,13),(1119,10,'',827,14),(1120,7,'',828,13),(1121,10,'',829,18),(1122,3,'Не готовий!',832,18),(1123,11,'Молодець!',832,19),(1124,5,'Не готовий!',834,19),(1125,8,'',834,20),(1126,3,'Не готовий!',835,18),(1127,7,'',836,18),(1128,5,'Не готовий!',836,19),(1129,12,'Молодець!',836,20),(1130,3,'Не готовий!',839,18),(1131,7,'',840,18),(1132,11,'Молодець!',840,19),(1133,10,'',840,20),(1134,4,'Не готовий!',842,18),(1135,10,'',842,19),(1136,11,'Молодець!',842,20),(1137,5,'Не готовий!',844,18),(1138,5,'Не готовий!',845,20),(1139,6,'',846,18),(1140,10,'',846,19),(1141,6,'',847,18),(1142,5,'Не готовий!',847,19),(1143,7,'',847,20),(1144,7,'',848,18),(1145,7,'',848,20),(1146,6,'',850,18),(1147,6,'',850,20),(1148,10,'',851,19),(1149,12,'Молодець!',851,20),(1150,6,'',853,20),(1151,10,'',854,18),(1152,7,'',855,18),(1153,9,'',856,18),(1154,12,'Молодець!',856,20),(1155,5,'Не готовий!',857,18),(1156,10,'',857,19),(1157,7,'',860,18),(1158,8,'',861,18),(1159,8,'',861,20),(1160,6,'',863,18),(1161,7,'',863,19),(1162,11,'Молодець!',863,20),(1163,3,'Не готовий!',864,18),(1164,4,'Не готовий!',864,19),(1165,12,'Молодець!',864,20),(1166,5,'Не готовий!',865,20),(1167,6,'',867,18),(1168,5,'Не готовий!',867,19),(1169,7,'',868,18),(1170,5,'Не готовий!',868,19),(1171,10,'',868,20),(1172,11,'Молодець!',870,20),(1173,4,'Не готовий!',874,18),(1174,5,'Не готовий!',874,19),(1175,12,'Молодець!',874,20),(1176,4,'Не готовий!',875,18),(1177,5,'Не готовий!',875,20),(1178,5,'Не готовий!',876,20),(1179,3,'Не готовий!',877,18),(1180,8,'',877,20),(1181,9,'',879,20),(1182,8,'',880,18),(1183,6,'',880,19),(1184,12,'Молодець!',880,20),(1185,10,'',882,18),(1186,10,'',882,19),(1187,5,'Не готовий!',882,20),(1188,7,'',883,18),(1189,10,'',883,19),(1190,11,'Молодець!',883,20),(1191,6,'',884,18),(1192,4,'Не готовий!',884,19),(1193,6,'',884,20),(1194,4,'Не готовий!',885,18),(1195,5,'Не готовий!',885,20),(1196,3,'Не готовий!',887,18),(1197,12,'Молодець!',887,20),(1198,8,'',888,19),(1199,7,'',888,20),(1200,9,'',889,18),(1201,3,'Не готовий!',890,18),(1202,11,'Молодець!',891,19),(1203,10,'',892,18),(1204,9,'',892,19),(1205,9,'',893,19),(1206,5,'Не готовий!',893,20),(1207,7,'',894,18),(1208,6,'',894,19),(1209,11,'Молодець!',894,20),(1210,9,'',895,18),(1211,11,'Молодець!',895,20),(1212,3,'Не готовий!',896,18),(1213,4,'Не готовий!',896,19),(1214,8,'',896,20),(1215,9,'',899,18),(1216,11,'Молодець!',899,19),(1217,8,'',900,19),(1218,4,'Не готовий!',901,18),(1219,7,'',901,19),(1220,5,'Не готовий!',901,20),(1221,9,'',902,18),(1222,11,'Молодець!',902,19),(1223,5,'Не готовий!',903,20),(1224,11,'Молодець!',904,19),(1225,6,'',904,20),(1226,9,'',905,20),(1227,5,'Не готовий!',907,19),(1228,12,'Молодець!',907,20),(1229,7,'',908,18),(1230,7,'',908,19),(1231,9,'',908,20),(1232,8,'',910,19),(1233,3,'Не готовий!',911,18),(1234,5,'Не готовий!',911,19),(1235,5,'Не готовий!',911,20),(1236,6,'',912,18),(1237,5,'Не готовий!',913,18),(1238,4,'Не готовий!',914,18),(1239,8,'',914,19),(1240,11,'Молодець!',914,20),(1241,11,'Молодець!',915,20),(1242,9,'',917,20),(1243,11,'Молодець!',919,19),(1244,11,'Молодець!',919,20),(1245,11,'Молодець!',920,20),(1246,3,'Не готовий!',921,18),(1247,11,'Молодець!',921,20),(1248,9,'',922,18),(1249,6,'',922,20),(1250,11,'Молодець!',924,19),(1251,3,'Не готовий!',925,18),(1252,5,'Не готовий!',925,20),(1253,4,'Не готовий!',926,18),(1254,4,'Не готовий!',926,19),(1255,9,'',926,20),(1256,8,'',929,18),(1257,4,'Не готовий!',929,19),(1258,8,'',929,20),(1259,11,'Молодець!',931,19),(1260,7,'',931,20),(1261,8,'',932,19),(1262,8,'',933,19),(1263,5,'Не готовий!',934,21),(1264,11,'Молодець!',934,22),(1265,11,'Молодець!',934,23),(1266,10,'',935,23),(1267,8,'',936,22),(1268,10,'',937,21),(1269,7,'',937,22),(1270,4,'Не готовий!',939,22),(1271,6,'',939,23),(1272,3,'Не готовий!',940,21),(1273,12,'Молодець!',940,23),(1274,7,'',941,23),(1275,8,'',942,23),(1276,11,'Молодець!',943,22),(1277,10,'',945,22),(1278,11,'Молодець!',945,23),(1279,10,'',947,21),(1280,6,'',947,22),(1281,10,'',947,23),(1282,7,'',948,23),(1283,9,'',949,21),(1284,3,'Не готовий!',951,21),(1285,4,'Не готовий!',953,21),(1286,7,'',953,22),(1287,6,'',953,23),(1288,7,'',955,21),(1289,7,'',955,22),(1290,9,'',955,23),(1291,7,'',956,21),(1292,10,'',956,22),(1293,11,'Молодець!',957,23),(1294,10,'',958,22),(1295,9,'',958,23),(1296,4,'Не готовий!',959,21),(1297,10,'',959,22),(1298,6,'',960,21),(1299,4,'Не готовий!',960,22),(1300,11,'Молодець!',960,23),(1301,4,'Не готовий!',961,21),(1302,7,'',961,22),(1303,5,'Не готовий!',962,21),(1304,9,'',962,22),(1305,11,'Молодець!',962,23),(1306,6,'',963,21),(1307,9,'',963,22),(1308,8,'',963,23),(1309,9,'',964,21),(1310,5,'Не готовий!',964,23),(1311,7,'',966,21),(1312,8,'',966,22),(1313,10,'',967,21),(1314,5,'Не готовий!',967,22),(1315,4,'Не готовий!',968,21),(1316,6,'',968,23),(1317,8,'',969,21),(1318,8,'',969,22),(1319,10,'',969,23),(1320,11,'Молодець!',970,22),(1321,8,'',970,23),(1322,4,'Не готовий!',971,21),(1323,6,'',975,21),(1324,9,'',975,22),(1325,11,'Молодець!',976,22),(1326,8,'',977,23),(1327,9,'',979,22),(1328,5,'Не готовий!',979,23),(1329,3,'Не готовий!',981,21),(1330,10,'',981,23),(1331,3,'Не готовий!',982,21),(1332,6,'',982,23),(1333,5,'Не готовий!',983,22),(1334,5,'Не готовий!',984,21),(1335,9,'',984,22),(1336,4,'Не готовий!',985,22),(1337,6,'',986,21),(1338,10,'',986,22),(1339,10,'',986,23),(1340,10,'',987,23),(1341,8,'',990,23),(1342,8,'',993,21),(1343,4,'Не готовий!',993,22),(1344,8,'',993,23),(1345,7,'',994,21),(1346,7,'',994,22),(1347,11,'Молодець!',994,23),(1348,7,'',995,21),(1349,10,'',996,21),(1350,5,'Не готовий!',996,23),(1351,4,'Не готовий!',997,22),(1352,8,'',997,23),(1353,10,'',998,21),(1354,9,'',998,22),(1355,12,'Молодець!',998,23),(1356,10,'',999,23),(1357,10,'',1000,21),(1358,4,'Не готовий!',1000,22),(1359,5,'Не готовий!',1000,23),(1360,9,'',1001,21),(1361,7,'',1001,22),(1362,10,'',1002,22),(1363,10,'',1002,23),(1364,4,'Не готовий!',1003,21),(1365,5,'Не готовий!',1003,22),(1366,7,'',1003,23),(1367,10,'',1005,21),(1368,10,'',1005,23),(1369,4,'Не готовий!',1006,22),(1370,12,'Молодець!',1009,23),(1371,10,'',1010,21),(1372,6,'',1011,22),(1373,6,'',1011,23),(1374,3,'Не готовий!',1012,21),(1375,8,'',1014,21),(1376,4,'Не готовий!',1014,22),(1377,8,'',1014,23),(1378,10,'',1015,21),(1379,7,'',1016,21),(1380,11,'Молодець!',1016,22),(1381,4,'Не готовий!',1020,22),(1382,8,'',1020,23),(1383,9,'',1021,21),(1384,6,'',1021,22),(1385,8,'',1021,23),(1386,5,'Не готовий!',1023,22),(1387,12,'Молодець!',1024,23),(1388,7,'',1025,22),(1389,10,'',1025,23),(1390,9,'',1026,21),(1391,10,'',1026,22),(1392,10,'',1026,23),(1393,5,'Не готовий!',1027,21),(1394,10,'',1027,22),(1395,12,'Молодець!',1027,23),(1396,9,'',1028,21),(1397,4,'Не готовий!',1028,22),(1398,9,'',1030,21),(1399,8,'',1030,23),(1400,6,'',1033,21),(1401,10,'',1033,22),(1402,7,'',1033,23),(1403,11,'Молодець!',1034,23),(1404,6,'',1035,22),(1405,10,'',1035,23),(1406,7,'',1036,22),(1407,7,'',1039,22),(1408,7,'',1041,21),(1409,6,'',1041,22),(1410,10,'',1041,23),(1411,5,'Не готовий!',1042,21),(1412,3,'Не готовий!',1043,21),(1413,12,'Молодець!',1044,23),(1414,8,'',1045,22),(1415,7,'',1045,23),(1416,10,'',1048,21),(1417,5,'Не готовий!',1050,12),(1418,10,'',1050,13),(1419,12,'Молодець!',1050,14),(1420,9,'',1051,12),(1421,5,'Не готовий!',1051,13),(1422,7,'',1051,14),(1423,9,'',1052,12),(1424,6,'',1052,13),(1425,11,'Молодець!',1052,14),(1426,3,'Не готовий!',1054,12),(1427,11,'Молодець!',1057,13),(1428,7,'',1058,12),(1429,6,'',1058,14),(1430,9,'',1060,12),(1431,8,'',1061,13),(1432,7,'',1061,14),(1433,8,'',1062,12),(1434,4,'Не готовий!',1062,13),(1435,8,'',1062,14),(1436,8,'',1064,12),(1437,4,'Не готовий!',1064,13),(1438,7,'',1064,14),(1439,10,'',1066,13),(1440,8,'',1067,13),(1441,10,'',1068,12),(1442,4,'Не готовий!',1068,13),(1443,9,'',1069,14),(1444,5,'Не готовий!',1070,14),(1445,6,'',1074,13),(1446,8,'',1074,14),(1447,5,'Не готовий!',1078,14),(1448,10,'',1079,13),(1449,6,'',1081,12),(1450,7,'',1081,14),(1451,11,'Молодець!',1082,14),(1452,9,'',1084,13),(1453,4,'Не готовий!',1085,12),(1454,11,'Молодець!',1085,13),(1455,8,'',1085,14),(1456,8,'',1086,12),(1457,9,'',1087,12),(1458,5,'Не готовий!',1087,13),(1459,6,'',1088,12),(1460,7,'',1088,13),(1461,12,'Молодець!',1088,14),(1462,10,'',1089,13),(1463,11,'Молодець!',1089,14),(1464,7,'',1090,12),(1465,5,'Не готовий!',1090,13),(1466,11,'Молодець!',1091,13),(1467,11,'Молодець!',1091,14),(1468,5,'Не готовий!',1094,12),(1469,7,'',1094,14),(1470,5,'Не готовий!',1095,13),(1471,10,'',1095,14),(1472,7,'',1096,13),(1473,9,'',1097,12),(1474,6,'',1097,14),(1475,7,'',1100,12),(1476,11,'Молодець!',1100,13),(1477,3,'Не готовий!',1101,12),(1478,6,'',1101,14),(1479,7,'',1103,12),(1480,4,'Не готовий!',1104,12),(1481,9,'',1105,12),(1482,5,'Не готовий!',1105,13),(1483,6,'',1107,13),(1484,11,'Молодець!',1108,14),(1485,6,'',1109,13),(1486,12,'Молодець!',1109,14),(1487,5,'Не готовий!',1110,12),(1488,8,'',1110,13),(1489,10,'',1110,14),(1490,10,'',1111,12),(1491,7,'',1112,12),(1492,8,'',1112,13),(1493,8,'',1112,14),(1494,9,'',1113,12),(1495,6,'',1114,13),(1496,12,'Молодець!',1114,14),(1497,8,'',1115,12),(1498,8,'',1115,13),(1499,11,'Молодець!',1115,14),(1500,7,'',1116,13),(1501,10,'',1117,12),(1502,8,'',1118,12),(1503,4,'Не готовий!',1118,13),(1504,11,'Молодець!',1118,14),(1505,8,'',1121,13),(1506,7,'',1122,12),(1507,8,'',1122,14),(1508,3,'Не готовий!',1123,12),(1509,5,'Не готовий!',1123,13),(1510,8,'',1123,14),(1511,5,'Не готовий!',1124,12),(1512,6,'',1124,13),(1513,5,'Не готовий!',1124,14),(1514,10,'',1125,12),(1515,5,'Не готовий!',1125,13),(1516,6,'',1126,12),(1517,8,'',1130,14),(1518,7,'',1132,14),(1519,6,'',1133,12),(1520,6,'',1133,13),(1521,5,'Не готовий!',1133,14),(1522,7,'',1135,13),(1523,9,'',1136,12),(1524,5,'Не готовий!',1136,14),(1525,12,'Молодець!',1140,14),(1526,9,'',1141,12),(1527,5,'Не готовий!',1141,13),(1528,12,'Молодець!',1142,14),(1529,4,'Не готовий!',1144,12),(1530,7,'',1144,14),(1531,9,'',1145,14),(1532,7,'',1146,14),(1533,5,'Не готовий!',1147,12),(1534,12,'Молодець!',1147,14),(1535,7,'',1148,13),(1536,5,'Не готовий!',1149,12),(1537,10,'',1150,12),(1538,5,'Не готовий!',1150,14),(1539,10,'',1151,12),(1540,9,'',1151,13),(1541,12,'Молодець!',1152,14),(1542,4,'Не готовий!',1153,12),(1543,5,'Не готовий!',1153,14),(1544,11,'Молодець!',1156,13),(1545,10,'',1158,12),(1546,8,'',1158,13),(1547,12,'Молодець!',1158,14),(1548,7,'',1159,12),(1549,10,'',1160,12),(1550,8,'',1160,13),(1551,11,'Молодець!',1160,14),(1552,4,'Не готовий!',1161,13),(1553,10,'',1162,13),(1554,11,'Молодець!',1162,14),(1555,4,'Не готовий!',1163,12),(1556,12,'Молодець!',1163,14),(1557,5,'Не готовий!',1165,12),(1558,4,'Не готовий!',1165,13),(1559,11,'Молодець!',1165,14),(1560,4,'Не готовий!',1166,13),(1561,3,'Не готовий!',1167,12),(1562,10,'',1167,13),(1563,5,'Не готовий!',1167,14),(1564,4,'Не готовий!',1170,13),(1565,9,'',1170,14),(1566,8,'',1172,12),(1567,5,'Не готовий!',1172,14),(1568,7,'',1173,13),(1569,10,'',1175,16),(1570,8,'',1181,16),(1571,3,'Не готовий!',1183,15),(1572,11,'Молодець!',1183,16),(1573,5,'Не готовий!',1183,17),(1574,8,'',1184,15),(1575,10,'',1186,16),(1576,5,'Не готовий!',1187,15),(1577,6,'',1187,17),(1578,7,'',1193,16),(1579,10,'',1198,15),(1580,4,'Не готовий!',1198,16),(1581,10,'',1198,17),(1582,11,'Молодець!',1208,17),(1583,6,'',1209,17),(1584,10,'',1213,15),(1585,10,'',1215,16),(1586,7,'',1217,17),(1587,7,'',1218,17),(1588,10,'',1219,16),(1589,10,'',1230,15),(1590,8,'',1230,16),(1591,9,'',1230,17),(1592,4,'Не готовий!',1232,16),(1593,7,'',1235,15),(1594,6,'',1237,15),(1595,10,'',1241,15),(1596,9,'',1243,15),(1597,8,'',1244,17),(1598,6,'',1249,17),(1599,7,'',1258,16),(1600,10,'',1262,15),(1601,9,'',1262,16),(1602,6,'',1263,16),(1603,8,'',1265,17),(1604,11,'Молодець!',1272,16),(1605,4,'Не готовий!',1274,16),(1606,10,'',1274,17),(1607,11,'Молодець!',1277,16),(1608,3,'Не готовий!',1282,15),(1609,12,'Молодець!',1282,17),(1610,10,'',1289,16),(1611,8,'',1291,17),(1612,9,'',1293,15),(1613,12,'Молодець!',1293,17),(1614,8,'',1299,15),(1615,9,'',1299,17),(1616,9,'',1310,17),(1617,7,'',1322,17),(1618,4,'Не готовий!',1329,16),(1619,6,'',1330,16),(1620,6,'',1331,15),(1621,7,'',1333,16),(1622,6,'',1335,16),(1623,5,'Не готовий!',1342,15),(1624,10,'',1342,17),(1625,10,'',1352,17),(1626,9,'',1353,15),(1627,8,'',1353,16),(1628,6,'',1354,15),(1629,9,'',1354,16),(1630,7,'',1354,17),(1631,5,'Не готовий!',1355,17),(1632,9,'',1356,15),(1633,6,'',1356,16),(1634,8,'',1366,15),(1635,11,'Молодець!',1371,17),(1636,6,'',1377,17),(1637,4,'Не готовий!',1378,15),(1638,4,'Не готовий!',1378,16),(1639,12,'Молодець!',1378,17),(1640,10,'',1380,15),(1641,5,'Не готовий!',1381,17),(1642,10,'',1392,15),(1643,3,'Не готовий!',1396,15),(1644,7,'',1405,15),(1645,9,'',1408,16),(1646,11,'Молодець!',1413,16),(1647,11,'Молодець!',1414,17),(1648,5,'Не готовий!',1416,16),(1649,9,'',1432,17),(1650,4,'Не готовий!',1433,15),(1651,11,'Молодець!',1433,16),(1652,9,'',1441,15),(1653,8,'',1447,17),(1654,5,'Не готовий!',1455,16),(1655,10,'',1457,15),(1656,8,'',1457,16),(1657,8,'',1459,15),(1658,8,'',1460,15),(1659,10,'',1460,16),(1660,10,'',1461,15),(1661,6,'',1461,17),(1662,7,'',1462,16),(1663,7,'',1462,17),(1664,10,'',1464,16),(1665,5,'Не готовий!',1466,16),(1666,7,'',1466,17),(1667,8,'',1467,15),(1668,9,'',1468,16),(1669,9,'',1468,17),(1670,7,'',1469,15),(1671,7,'',1469,17),(1672,9,'',1471,15),(1673,8,'',1471,16),(1674,5,'Не готовий!',1471,17),(1675,11,'Молодець!',1474,16),(1676,5,'Не готовий!',1475,16),(1677,6,'',1476,15),(1678,4,'Не готовий!',1478,16),(1679,8,'',1478,17),(1680,9,'',1482,15),(1681,6,'',1483,16),(1682,7,'',1487,15),(1683,11,'Молодець!',1487,17),(1684,4,'Не готовий!',1491,15),(1685,10,'',1491,16),(1686,4,'Не готовий!',1495,16),(1687,6,'',1497,17),(1688,8,'',1503,15),(1689,5,'Не готовий!',1504,17),(1690,7,'',1506,15),(1691,5,'Не готовий!',1506,16),(1692,7,'',1507,15),(1693,7,'',1516,17),(1694,9,'',1518,17),(1695,6,'',1521,15),(1696,4,'Не готовий!',1521,16),(1697,7,'',1522,15),(1698,8,'',1525,15),(1699,5,'Не готовий!',1525,17),(1700,5,'Не готовий!',1527,17),(1701,4,'Не готовий!',1532,16),(1702,5,'Не готовий!',1532,17),(1703,5,'Не готовий!',1533,16),(1704,9,'',1535,17),(1705,6,'',1537,15),(1706,11,'Молодець!',1537,17),(1707,8,'',1538,17),(1708,9,'',1539,15),(1709,8,'',1543,17),(1710,4,'Не готовий!',1545,16),(1711,4,'Не готовий!',1556,16),(1712,4,'Не готовий!',1558,15),(1713,4,'Не готовий!',1559,15),(1714,6,'',1565,15),(1715,4,'Не готовий!',1567,15),(1716,7,'',1567,17),(1717,10,'',1568,15),(1718,7,'',1569,17),(1719,7,'',1571,15),(1720,10,'',1575,15),(1721,7,'',1578,17),(1722,3,'Не готовий!',1581,15),(1723,9,'',1581,17),(1724,4,'Не готовий!',1583,15),(1725,5,'Не готовий!',1583,16),(1726,11,'Молодець!',1583,17),(1727,6,'',1589,16),(1728,10,'',1590,15),(1729,4,'Не готовий!',1595,16),(1730,4,'Не готовий!',1597,16),(1731,5,'Не готовий!',1598,16),(1732,6,'',1598,17),(1733,8,'',1599,16),(1734,3,'Не готовий!',1601,15),(1735,8,'',1601,17),(1736,5,'Не готовий!',1602,15),(1737,6,'',1603,16),(1738,7,'',1604,17),(1739,6,'',1605,16),(1740,6,'',1605,17),(1741,8,'',1607,15),(1742,11,'Молодець!',1609,16),(1743,9,'',1612,15),(1744,5,'Не готовий!',1615,17),(1745,3,'Не готовий!',1618,15),(1746,5,'Не готовий!',1623,15),(1747,10,'',1623,17),(1748,9,'',1628,16),(1749,8,'',1633,15),(1750,4,'Не готовий!',1633,16),(1751,6,'',1635,16),(1752,3,'Не готовий!',1637,15),(1753,7,'',1639,16),(1754,7,'',1644,15),(1755,8,'',1645,16),(1756,10,'',1648,17),(1757,6,'',1651,15),(1758,10,'',1653,15),(1759,5,'Не готовий!',1653,17),(1760,10,'',1655,16),(1761,5,'Не готовий!',1656,16),(1762,8,'',1662,15),(1763,5,'Не готовий!',1662,17),(1764,6,'',1671,17),(1765,9,'',1672,17),(1766,6,'',1675,17),(1767,4,'Не готовий!',1676,16),(1768,8,'',1683,15),(1769,3,'Не готовий!',1688,15),(1770,8,'',1688,17),(1771,5,'Не готовий!',1689,15),(1772,6,'',1691,15),(1773,7,'',1693,16),(1774,9,'',1694,16),(1775,6,'',1694,17),(1776,5,'Не готовий!',1695,16),(1777,9,'',1698,15),(1778,8,'',1699,17),(1779,9,'',1700,15),(1780,8,'',1703,15),(1781,12,'Молодець!',1703,17),(1782,4,'Не готовий!',1705,16),(1783,10,'',1705,17),(1784,11,'Молодець!',1709,17);
/*!40000 ALTER TABLE `mark` ENABLE KEYS */;
UNLOCK TABLES;

--
-- Table structure for table `mark_type`
--

DROP TABLE IF EXISTS `mark_type`;
/*!40101 SET @saved_cs_client     = @@character_set_client */;
/*!40101 SET character_set_client = utf8 */;
CREATE TABLE `mark_type` (
  `id` int(11) NOT NULL AUTO_INCREMENT,
  `mark_type` varchar(255) NOT NULL,
  `description` varchar(255) DEFAULT NULL,
  `is_active` bit(1) NOT NULL,
  PRIMARY KEY (`id`),
  UNIQUE KEY `mark_type` (`mark_type`)
) ENGINE=InnoDB AUTO_INCREMENT=6 DEFAULT CHARSET=utf8;
/*!40101 SET character_set_client = @saved_cs_client */;

--
-- Dumping data for table `mark_type`
--

LOCK TABLES `mark_type` WRITE;
/*!40000 ALTER TABLE `mark_type` DISABLE KEYS */;
INSERT INTO `mark_type` VALUES (1,'Самостійна',NULL,''),(2,'Контрольна',NULL,''),(3,'Лабораторна',NULL,''),(4,'Модуль',NULL,''),(5,'Практична',NULL,'');
/*!40000 ALTER TABLE `mark_type` ENABLE KEYS */;
UNLOCK TABLES;

--
-- Table structure for table `password_reset_token`
--

DROP TABLE IF EXISTS `password_reset_token`;
/*!40101 SET @saved_cs_client     = @@character_set_client */;
/*!40101 SET character_set_client = utf8 */;
CREATE TABLE `password_reset_token` (
  `id` int(11) NOT NULL AUTO_INCREMENT,
  `user_id` int(11) NOT NULL,
  `token` varchar(255) NOT NULL,
  `created_at` datetime NOT NULL,
  PRIMARY KEY (`id`)
) ENGINE=InnoDB DEFAULT CHARSET=latin1;
/*!40101 SET character_set_client = @saved_cs_client */;

--
-- Dumping data for table `password_reset_token`
--

LOCK TABLES `password_reset_token` WRITE;
/*!40000 ALTER TABLE `password_reset_token` DISABLE KEYS */;
/*!40000 ALTER TABLE `password_reset_token` ENABLE KEYS */;
UNLOCK TABLES;

--
-- Table structure for table `student`
--

DROP TABLE IF EXISTS `student`;
/*!40101 SET @saved_cs_client     = @@character_set_client */;
/*!40101 SET character_set_client = utf8 */;
CREATE TABLE `student` (
  `id` int(11) NOT NULL,
  PRIMARY KEY (`id`),
  CONSTRAINT `fk_student_user` FOREIGN KEY (`id`) REFERENCES `user` (`id`)
) ENGINE=InnoDB DEFAULT CHARSET=utf8;
/*!40101 SET character_set_client = @saved_cs_client */;

--
-- Dumping data for table `student`
--

LOCK TABLES `student` WRITE;
/*!40000 ALTER TABLE `student` DISABLE KEYS */;
INSERT INTO `student` VALUES (9),(10),(11),(12),(13),(14),(15),(16),(17),(18),(19),(20),(21),(22),(23);
/*!40000 ALTER TABLE `student` ENABLE KEYS */;
UNLOCK TABLES;

--
-- Table structure for table `students_classes`
--

DROP TABLE IF EXISTS `students_classes`;
/*!40101 SET @saved_cs_client     = @@character_set_client */;
/*!40101 SET character_set_client = utf8 */;
CREATE TABLE `students_classes` (
  `student_id` int(11) NOT NULL,
  `class_id` int(11) NOT NULL,
  PRIMARY KEY (`student_id`,`class_id`),
  KEY `FK3p1litksmc8exv2br5l5w0l9h` (`class_id`),
  CONSTRAINT `fk_student_class1` FOREIGN KEY (`class_id`) REFERENCES `clazz` (`id`),
  CONSTRAINT `fk_student_class2` FOREIGN KEY (`student_id`) REFERENCES `student` (`id`)
) ENGINE=InnoDB DEFAULT CHARSET=utf8;
/*!40101 SET character_set_client = @saved_cs_client */;

--
-- Dumping data for table `students_classes`
--

LOCK TABLES `students_classes` WRITE;
/*!40000 ALTER TABLE `students_classes` DISABLE KEYS */;
INSERT INTO `students_classes` VALUES (15,1),(16,1),(17,1),(18,2),(19,2),(20,2),(21,3),(22,3),(23,3),(12,4),(13,4),(14,4),(15,4),(16,4),(17,4),(9,5),(10,5),(11,5);
/*!40000 ALTER TABLE `students_classes` ENABLE KEYS */;
UNLOCK TABLES;

--
-- Table structure for table `subject`
--

DROP TABLE IF EXISTS `subject`;
/*!40101 SET @saved_cs_client     = @@character_set_client */;
/*!40101 SET character_set_client = utf8 */;
CREATE TABLE `subject` (
  `id` int(11) NOT NULL AUTO_INCREMENT,
  `name` varchar(255) NOT NULL,
  `description` varchar(255) DEFAULT NULL,
  PRIMARY KEY (`id`),
  UNIQUE KEY `name` (`name`)
) ENGINE=InnoDB AUTO_INCREMENT=11 DEFAULT CHARSET=utf8;
/*!40101 SET character_set_client = @saved_cs_client */;

--
-- Dumping data for table `subject`
--

LOCK TABLES `subject` WRITE;
/*!40000 ALTER TABLE `subject` DISABLE KEYS */;
INSERT INTO `subject` VALUES (1,'Історія України','Гуманітарний навчальний предмет. Починає вивчатись із 5-го класу'),(2,'Інформатика',NULL),(3,'Англійська мова','Гуманітарний навчальний предмет'),(4,'Українська мова','Гуманітарний навчальний предмет'),(5,'Українська література','Гуманітарний навчальний предмет'),(6,'Фізика','Природничий навчальний предмет. Починає вивчатись із 7-го класу'),(7,'Географія','Природничий навчальний предмет. Починає вивчатись із 6-го класу'),(8,'Біологія','Природничий навчальний предмет. Починає вивчатись із 6-го класу'),(9,'Математика',NULL),(10,'Хімія','Природничий навчальний предмет. Починає вивчатись із 7-го класу');
/*!40000 ALTER TABLE `subject` ENABLE KEYS */;
UNLOCK TABLES;

--
-- Table structure for table `teacher`
--

DROP TABLE IF EXISTS `teacher`;
/*!40101 SET @saved_cs_client     = @@character_set_client */;
/*!40101 SET character_set_client = utf8 */;
CREATE TABLE `teacher` (
  `id` int(11) NOT NULL,
  PRIMARY KEY (`id`),
  CONSTRAINT `fk_teacher_user` FOREIGN KEY (`id`) REFERENCES `user` (`id`)
) ENGINE=InnoDB DEFAULT CHARSET=utf8;
/*!40101 SET character_set_client = @saved_cs_client */;

--
-- Dumping data for table `teacher`
--

LOCK TABLES `teacher` WRITE;
/*!40000 ALTER TABLE `teacher` DISABLE KEYS */;
INSERT INTO `teacher` VALUES (1),(2),(3),(4),(5),(6),(7),(8);
/*!40000 ALTER TABLE `teacher` ENABLE KEYS */;
UNLOCK TABLES;

--
-- Table structure for table `user`
--

DROP TABLE IF EXISTS `user`;
/*!40101 SET @saved_cs_client     = @@character_set_client */;
/*!40101 SET character_set_client = utf8 */;
CREATE TABLE `user` (
  `id` int(11) NOT NULL AUTO_INCREMENT,
  `first_name` varchar(255) NOT NULL,
  `last_name` varchar(255) NOT NULL,
  `patronymic` varchar(255) NOT NULL,
  `date_of_birth` date NOT NULL,
  `login` varchar(255) NOT NULL,
  `password` varchar(255) NOT NULL,
  `avatar` mediumtext,
  `description` varchar(255) DEFAULT NULL,
  `email` varchar(255) DEFAULT NULL,
  `phone` varchar(25) DEFAULT NULL,
  `role` enum('ROLE_ADMIN','ROLE_TEACHER','ROLE_USER') DEFAULT NULL,
  `sex` enum('male','female') DEFAULT NULL,
  `enabled` tinyint(1) NOT NULL DEFAULT '1',
  PRIMARY KEY (`id`),
  UNIQUE KEY `login` (`login`)
) ENGINE=InnoDB AUTO_INCREMENT=25 DEFAULT CHARSET=utf8;
/*!40101 SET character_set_client = @saved_cs_client */;

--
-- Dumping data for table `user`
--

LOCK TABLES `user` WRITE;
/*!40000 ALTER TABLE `user` DISABLE KEYS */;
INSERT INTO `user` VALUES (1,'Михайло','Грушевський','Сергійович','1964-05-03','mGrush03','JUshMvH8yBczcYBriFMOxFM6rj65Dj3r',NULL,NULL,NULL,NULL,'ROLE_TEACHER','male',1),(2,'Григорій','Бублик','Опанасович','1971-10-23','gBublik23','JUshMvH8yBczcYBriFMOxFM6rj65Dj3r',NULL,'Вчитель іноземних мов',NULL,'068542189','ROLE_TEACHER','male',1),(3,'Агатангел','Кримський','Юхимович','1955-11-06','aCrim06','JUshMvH8yBczcYBriFMOxFM6rj65Dj3r',NULL,'Вчитель вищої категорії',NULL,'023548961','ROLE_TEACHER','male',1),(4,'Білл','Гейтс','Вільямович','1955-10-28','bGates28','JUshMvH8yBczcYBriFMOxFM6rj65Dj3r',NULL,'Класний керівник. Найбагатша людина світу',NULL,'085411235','ROLE_TEACHER','male',1),(5,'Альберт','Ейнштейн','Германович','1981-03-14','aEinst14','JUshMvH8yBczcYBriFMOxFM6rj65Dj3r',NULL,'Вчитель вищої категорії. Нобелівський лауреат',NULL,NULL,'ROLE_TEACHER','male',1),(6,'Христина','Хойновська-Ліскевич','Батьківна','1990-06-03','kLiske10','JUshMvH8yBczcYBriFMOxFM6rj65Dj3r',NULL,NULL,NULL,NULL,'ROLE_TEACHER','female',1),(7,'Марія','Склодовська-Кюрі','Владиславівна','1967-07-04','mCurie04','JUshMvH8yBczcYBriFMOxFM6rj65Dj3r',NULL,'Вчитель вищої категорії',NULL,NULL,'ROLE_TEACHER','female',1),(8,'Світлана','Майборода','Василівна','1981-06-02','sMaybo02','JUshMvH8yBczcYBriFMOxFM6rj65Dj3r',NULL,NULL,NULL,NULL,'ROLE_TEACHER','female',1),(9,'Василь','Крупа','Іванович','1995-01-01','vKrupa01','JUshMvH8yBczcYBriFMOxFM6rj65Dj3r',NULL,'Староста класу',NULL,NULL,'ROLE_USER','male',1),(10,'Анастасія','Пишненька','Захарівна','1996-11-03','aPisnen03','JUshMvH8yBczcYBriFMOxFM6rj65Dj3r',NULL,NULL,NULL,NULL,'ROLE_USER','female',1),(11,'Тарас','Квас','Зеновійович','1995-04-12','tKvas12','JUshMvH8yBczcYBriFMOxFM6rj65Dj3r',NULL,NULL,NULL,NULL,'ROLE_USER','male',1),(12,'Маргарита','Висока','Степанівна','1997-05-11','mVisoka11','JUshMvH8yBczcYBriFMOxFM6rj65Dj3r',NULL,NULL,NULL,NULL,'ROLE_USER','female',1),(13,'Ігор','Підгорний','Васильвич','1997-08-21','iPidgor21','JUshMvH8yBczcYBriFMOxFM6rj65Dj3r',NULL,'Староста класу',NULL,NULL,'ROLE_USER','male',1),(14,'Віта','Квітовська','Миколаївна','1998-09-01','vKvit01','JUshMvH8yBczcYBriFMOxFM6rj65Dj3r',NULL,NULL,NULL,NULL,'ROLE_USER','female',1),(15,'Степан','Когут','Григорійович','1998-02-14','sKohyt14','JUshMvH8yBczcYBriFMOxFM6rj65Dj3r',NULL,NULL,NULL,NULL,'ROLE_USER','male',1),(16,'Зеновій','Запухляк','Віталійович','1999-12-31','zZapukh31','JUshMvH8yBczcYBriFMOxFM6rj65Dj3r',NULL,NULL,NULL,NULL,'ROLE_USER','male',1),(17,'Тетяна','Куца','Орестівна','1999-12-01','tKutsa01','JUshMvH8yBczcYBriFMOxFM6rj65Dj3r',NULL,'Староста класу',NULL,NULL,'ROLE_USER','female',1),(18,'Ірина','Грушецька','Вікторівна','1999-06-06','iGrush06','JUshMvH8yBczcYBriFMOxFM6rj65Dj3r',NULL,NULL,NULL,NULL,'ROLE_USER','female',1),(19,'Катерина','Полянська','Валеріївна','1999-08-16','kPolyan16','JUshMvH8yBczcYBriFMOxFM6rj65Dj3r',NULL,'Староста класу',NULL,NULL,'ROLE_USER','female',1),(20,'Марія','Василик','Володимирівна','2000-10-14','mVasylyk14','JUshMvH8yBczcYBriFMOxFM6rj65Dj3r',NULL,NULL,NULL,NULL,'ROLE_USER','female',1),(21,'Михайло','Кобилянський','Андрійович','2001-01-12','mKobyl12','JUshMvH8yBczcYBriFMOxFM6rj65Dj3r',NULL,'Староста класу',NULL,NULL,'ROLE_USER','male',1),(22,'Олег','Ляховський','Богданович','2002-03-10','oLyakh10','JUshMvH8yBczcYBriFMOxFM6rj65Dj3r',NULL,NULL,NULL,NULL,'ROLE_USER','male',1),(23,'Іван','Черв\'яковський','Орестович','2001-05-08','iCherv08','JUshMvH8yBczcYBriFMOxFM6rj65Dj3r',NULL,NULL,NULL,NULL,'ROLE_USER','male',1),(24,'Іван','Черв\'яковський','Орестович','2001-05-08','admin','zlozB47ak74T1Th8uIMyag==',NULL,NULL,NULL,NULL,'ROLE_ADMIN','male',1);
/*!40000 ALTER TABLE `user` ENABLE KEYS */;
UNLOCK TABLES;
/*!40103 SET TIME_ZONE=@OLD_TIME_ZONE */;

/*!40101 SET SQL_MODE=@OLD_SQL_MODE */;
/*!40014 SET FOREIGN_KEY_CHECKS=@OLD_FOREIGN_KEY_CHECKS */;
/*!40014 SET UNIQUE_CHECKS=@OLD_UNIQUE_CHECKS */;
/*!40101 SET CHARACTER_SET_CLIENT=@OLD_CHARACTER_SET_CLIENT */;
/*!40101 SET CHARACTER_SET_RESULTS=@OLD_CHARACTER_SET_RESULTS */;
/*!40101 SET COLLATION_CONNECTION=@OLD_COLLATION_CONNECTION */;
/*!40111 SET SQL_NOTES=@OLD_SQL_NOTES */;

-- Dump completed on 2023-03-23 10:19:56
